ai_infor_users_id,ai_infor_accounting_entity_id,ai_infor_users_accounting_entity_mapping_id,is_active,lid,ae_app_type,ai_infor_maps_id
793,109,993,f,lid://infor.ln.ln_sd1,,10461
30843,136,1392,t,lid://infor.ln.ln_ba,,19810
30843,136,1393,t,lid://infor.ln.ln_ba,,19858
30843,136,1394,t,lid://infor.ln.ln_ba,,19883
32030,109,10090,f,lid://infor.ln.ln_sd1,,17486
32030,109,10091,f,lid://infor.ln.ln_sd1,,17622
790,110,1038,t,lid://infor.ln.ln_sd1,,10460
790,112,1039,t,lid://infor.ln.ln_sd1,,10460
1296,110,1040,t,lid://infor.ln.ln_sd1,,10460
32740,166,10604,f,lid://infor.ln.ln_sd_t1,,38347
33907,303,11478,f,lid://infor.m3.m3_sd1,,
31882,22,8678,f,lid://infor.ln.ln_ba,,1639
780,110,1042,f,lid://infor.ln.ln_sd1,,10460
780,112,1043,f,lid://infor.ln.ln_sd1,,10460
30315,109,1491,f,lid://infor.ln.ln_sd1,,18024
30315,109,1492,f,lid://infor.ln.ln_sd1,,18121
780,109,1024,f,lid://infor.ln.ln_sd1,,10473
780,110,1027,f,lid://infor.ln.ln_sd1,,10473
31882,23,8679,f,lid://infor.ln.ln_ba,,1639
782,110,997,t,lid://infor.ln.ln_sd1,,10458
32404,199,10699,t,infor.ln.ln_ba,,
30997,14,10700,t,lid://infor.ln.ln_ba,,
30997,60,10709,f,lid://infor.ln.ln_ba,,3128
780,109,990,f,lid://infor.ln.ln_sd1,,10461
32030,109,10092,f,lid://infor.ln.ln_sd1,,17631
32030,109,10093,f,lid://infor.ln.ln_sd1,,17671
32030,109,10094,f,lid://infor.ln.ln_sd1,,17695
32030,109,10136,f,lid://infor.ln.ln_sd1,,18049
32030,109,10137,f,lid://infor.ln.ln_sd1,,18055
32030,109,10138,f,lid://infor.ln.ln_sd1,,18075
32030,109,10139,f,lid://infor.ln.ln_sd1,,18089
780,112,1030,f,lid://infor.ln.ln_sd1,,10473
32030,109,10140,f,lid://infor.ln.ln_sd1,,18106
32019,17,9676,f,lid://infor.ln.ln_ba,,3378
30997,62,10710,f,lid://infor.ln.ln_ba,,3128
780,112,981,f,lid://infor.ln.ln_sd1,,10468
7589,110,1168,f,lid://infor.ln.ln_sd1,,10458
32019,17,9677,f,lid://infor.ln.ln_ba,,1218
780,109,982,f,lid://infor.ln.ln_sd1,,10468
878,113,197,t,lid://infor.m3.m3_sd1,,
878,114,198,t,lid://infor.m3.m3_sd1,,
31882,24,8680,f,lid://infor.ln.ln_ba,,1639
780,110,983,f,lid://infor.ln.ln_sd1,,10468
32019,13,9678,f,lid://infor.ln.ln_ba,,4041
32019,14,9679,f,lid://infor.ln.ln_ba,,4041
1283,122,363,f,lid://infor.ln.ln_sd1,,
1338,119,371,f,lid://infor.m3.m3_sd1,,
782,112,998,t,lid://infor.ln.ln_sd1,,10458
782,109,999,t,lid://infor.ln.ln_sd1,,10458
1283,122,372,f,lid://infor.ln.ln_sd1,,
878,115,199,t,lid://infor.m3.m3_sd1,,
848,113,200,t,lid://infor.m3.m3_sd1,,
846,114,201,t,lid://infor.m3.m3_sd1,,
1283,122,380,f,lid://infor.ln.ln_sd1,,
32019,28,9680,f,lid://infor.ln.ln_ba,,2309
32019,16,9681,f,lid://infor.ln.ln_ba,,4041
32019,15,9682,f,lid://infor.ln.ln_ba,,4041
32019,18,9683,f,lid://infor.ln.ln_ba,,4041
850,113,202,t,lid://infor.m3.m3_sd1,,
850,114,203,t,lid://infor.m3.m3_sd1,,
854,117,204,t,lid://infor.m3.m3_sd1,,
866,113,205,t,lid://infor.m3.m3_sd1,,
866,114,206,t,lid://infor.m3.m3_sd1,,
866,115,207,t,lid://infor.m3.m3_sd1,,
868,113,208,t,lid://infor.m3.m3_sd1,,
868,114,209,t,lid://infor.m3.m3_sd1,,
872,113,210,t,lid://infor.m3.m3_sd1,,
872,114,211,t,lid://infor.m3.m3_sd1,,
32019,58,9684,f,lid://infor.ln.ln_ba,,4041
32019,59,9685,f,lid://infor.ln.ln_ba,,4041
32019,60,9686,f,lid://infor.ln.ln_ba,,4041
872,115,212,t,lid://infor.m3.m3_sd1,,
870,117,213,t,lid://infor.m3.m3_sd1,,
32019,62,9687,f,lid://infor.ln.ln_ba,,4041
32019,64,9688,f,lid://infor.ln.ln_ba,,4041
32019,66,9689,f,lid://infor.ln.ln_ba,,4041
32019,68,9690,f,lid://infor.ln.ln_ba,,4041
32019,70,9691,f,lid://infor.ln.ln_ba,,4041
32019,72,9692,f,lid://infor.ln.ln_ba,,4041
31882,25,8681,f,lid://infor.ln.ln_ba,,1639
31882,26,8682,f,lid://infor.ln.ln_ba,,1639
31882,27,8683,f,lid://infor.ln.ln_ba,,1639
31882,28,8684,f,lid://infor.ln.ln_ba,,1639
31882,13,8713,f,lid://infor.ln.ln_ba,,1639
7589,112,1169,f,lid://infor.ln.ln_sd1,,10458
7589,109,1170,f,lid://infor.ln.ln_sd1,,10458
31882,29,8714,f,lid://infor.ln.ln_ba,,2309
31882,30,8715,f,lid://infor.ln.ln_ba,,2309
31882,31,8716,f,lid://infor.ln.ln_ba,,2309
33216,109,11518,t,lid://infor.ln.ln_sd1,,18075
793,110,1029,f,lid://infor.ln.ln_sd1,,10473
793,112,1032,f,lid://infor.ln.ln_sd1,,10473
793,109,1026,f,lid://infor.ln.ln_sd1,,10473
32019,19,9693,f,lid://infor.ln.ln_ba,,4041
32019,20,9694,f,lid://infor.ln.ln_ba,,4041
1283,122,367,f,lid://infor.ln.ln_sd1,,
1283,122,376,f,lid://infor.ln.ln_sd1,,
1283,109,1956,f,lid://infor.ln.ln_sd1,,18075
32019,21,9695,f,lid://infor.ln.ln_ba,,4041
32019,22,9696,f,lid://infor.ln.ln_ba,,4041
32019,23,9697,f,lid://infor.ln.ln_ba,,4041
1296,112,1041,t,lid://infor.ln.ln_sd1,,10460
32019,24,9698,f,lid://infor.ln.ln_ba,,4041
32019,25,9699,f,lid://infor.ln.ln_ba,,4041
32019,26,9700,f,lid://infor.ln.ln_ba,,4041
1414,9,384,f,lid://infor.ln.ln_pp,,1147
32019,29,9701,f,lid://infor.ln.ln_ba,,2309
1292,7,970,t,lid://infor.ln.ln_pp,,1146
32019,30,9702,f,lid://infor.ln.ln_ba,,2309
30997,64,10711,f,lid://infor.ln.ln_ba,,3128
32019,31,9703,f,lid://infor.ln.ln_ba,,2309
1292,11,971,t,lid://infor.ln.ln_pp,,1153
30315,109,1490,f,lid://infor.ln.ln_sd1,,17366
32019,17,9704,f,lid://infor.ln.ln_ba,,2309
31882,15,8694,f,lid://infor.ln.ln_ba,,4041
30997,66,10712,f,lid://infor.ln.ln_ba,,3128
30997,68,10713,f,lid://infor.ln.ln_ba,,3128
30997,20,10717,f,lid://infor.ln.ln_ba,,3128
32019,33,9705,f,lid://infor.ln.ln_ba,,2309
30997,21,10718,f,lid://infor.ln.ln_ba,,3128
30849,17,1502,t,lid://infor.ln.ln_ba,,1218
31882,46,9170,f,lid://infor.ln.ln_ba,,4441
32019,34,9706,f,lid://infor.ln.ln_ba,,2309
31882,47,9171,f,lid://infor.ln.ln_ba,,4441
1296,111,973,t,lid://infor.ln.ln_sd1,,10469
32019,17,9707,f,lid://infor.ln.ln_ba,,4006
32019,27,9708,f,lid://infor.ln.ln_ba,,4041
32019,28,9709,f,lid://infor.ln.ln_ba,,4041
32019,29,9710,f,lid://infor.ln.ln_ba,,4041
31866,109,10378,f,lid://infor.ln.ln_sd1,,17167
31866,109,10379,f,lid://infor.ln.ln_sd1,,17171
31866,109,10380,f,lid://infor.ln.ln_sd1,,17181
32019,30,9711,f,lid://infor.ln.ln_ba,,4041
31866,109,10374,f,lid://infor.ln.ln_sd1,,17153
1943,109,11320,t,lid://infor.ln.ln_sd1,,17783
33909,301,11479,t,lid://infor.m3.m3_sd1,,
32019,31,9712,f,lid://infor.ln.ln_ba,,4041
32019,17,9713,f,lid://infor.ln.ln_ba,,4041
32019,32,9714,f,lid://infor.ln.ln_ba,,4041
30849,17,1503,t,lid://infor.ln.ln_ba,,2044
30849,17,1504,t,lid://infor.ln.ln_ba,,1801
30849,13,1505,t,lid://infor.ln.ln_ba,,4064
30849,17,1506,t,lid://infor.ln.ln_ba,,1267
30849,17,1507,t,lid://infor.ln.ln_ba,,1224
30849,17,1508,t,lid://infor.ln.ln_ba,,2039
30849,17,1509,t,lid://infor.ln.ln_ba,,1597
32019,33,9715,f,lid://infor.ln.ln_ba,,4041
32019,34,9716,f,lid://infor.ln.ln_ba,,4041
32019,35,9717,f,lid://infor.ln.ln_ba,,4041
32019,74,9718,f,lid://infor.ln.ln_ba,,4041
32019,75,9719,f,lid://infor.ln.ln_ba,,4041
32019,77,9720,f,lid://infor.ln.ln_ba,,4041
32019,79,9721,f,lid://infor.ln.ln_ba,,4041
31882,107,8744,f,lid://infor.ln.ln_ba,,4041
32019,81,9722,f,lid://infor.ln.ln_ba,,4041
32019,83,9723,f,lid://infor.ln.ln_ba,,4041
31882,29,8685,f,lid://infor.ln.ln_ba,,1639
31882,30,8686,f,lid://infor.ln.ln_ba,,1639
31882,31,8687,f,lid://infor.ln.ln_ba,,1639
31882,17,8688,f,lid://infor.ln.ln_ba,,1639
31882,32,8689,f,lid://infor.ln.ln_ba,,1639
31882,17,8717,f,lid://infor.ln.ln_ba,,2309
30997,33,10731,f,lid://infor.ln.ln_ba,,3128
30997,34,10732,f,lid://infor.ln.ln_ba,,3128
30997,35,10733,f,lid://infor.ln.ln_ba,,3128
31882,33,8718,f,lid://infor.ln.ln_ba,,2309
31882,34,8719,f,lid://infor.ln.ln_ba,,2309
818,110,1140,f,lid://infor.ln.ln_sd1,,10460
31866,109,10381,f,lid://infor.ln.ln_sd1,,17200
31866,109,10375,f,lid://infor.ln.ln_sd1,,17154
818,112,1141,f,lid://infor.ln.ln_sd1,,10460
818,109,1142,f,lid://infor.ln.ln_sd1,,10461
820,110,1160,f,lid://infor.ln.ln_sd1,,10458
31866,109,10376,f,lid://infor.ln.ln_sd1,,17159
30997,74,10734,f,lid://infor.ln.ln_ba,,3128
30997,75,10735,f,lid://infor.ln.ln_ba,,3128
30997,81,10738,f,lid://infor.ln.ln_ba,,3128
793,112,987,f,lid://infor.ln.ln_sd1,,10468
793,109,988,f,lid://infor.ln.ln_sd1,,10468
793,110,989,f,lid://infor.ln.ln_sd1,,10468
828,112,1146,f,lid://infor.ln.ln_sd1,,10468
828,109,1147,f,lid://infor.ln.ln_sd1,,10468
828,110,1148,f,lid://infor.ln.ln_sd1,,10468
822,112,1143,f,lid://infor.ln.ln_sd1,,10468
822,109,1144,f,lid://infor.ln.ln_sd1,,10468
822,110,1145,f,lid://infor.ln.ln_sd1,,10468
1956,123,11337,t,lid://infor.ln.ln_sd2,,18431
33911,304,11480,f,lid://infor.m3.m3_sd1,,
31866,109,10377,f,lid://infor.ln.ln_sd1,,17165
31866,109,10366,f,lid://infor.ln.ln_sd1,,17162
31866,109,10367,f,lid://infor.ln.ln_sd1,,17331
31866,109,10368,f,lid://infor.ln.ln_sd1,,17351
31866,109,10369,f,lid://infor.ln.ln_sd1,,17438
31866,109,10370,f,lid://infor.ln.ln_sd1,,17446
31866,109,10371,f,lid://infor.ln.ln_sd1,,17149
31866,109,10372,f,lid://infor.ln.ln_sd1,,17150
31866,109,10393,f,lid://infor.ln.ln_sd1,,17504
31882,33,8690,f,lid://infor.ln.ln_ba,,1639
31882,34,8691,f,lid://infor.ln.ln_ba,,1639
31882,35,8692,f,lid://infor.ln.ln_ba,,1639
31882,16,8693,f,lid://infor.ln.ln_ba,,4041
32850,109,10801,f,lid://infor.ln.ln_sd1,,17831
31882,101,8745,f,lid://infor.ln.ln_ba,,4041
31882,103,8746,f,lid://infor.ln.ln_ba,,4041
31882,105,8747,f,lid://infor.ln.ln_ba,,4041
31882,48,9172,f,lid://infor.ln.ln_ba,,4441
31882,49,9173,f,lid://infor.ln.ln_ba,,4441
31882,50,9174,f,lid://infor.ln.ln_ba,,4441
30997,14,1411,f,lid://infor.ln.ln_ba,,
31882,51,9175,f,lid://infor.ln.ln_ba,,4441
31882,52,9176,f,lid://infor.ln.ln_ba,,4441
31882,53,9177,f,lid://infor.ln.ln_ba,,4441
30997,70,10714,f,lid://infor.ln.ln_ba,,3128
30997,72,10715,f,lid://infor.ln.ln_ba,,3128
30997,19,10716,f,lid://infor.ln.ln_ba,,3128
31882,54,9178,f,lid://infor.ln.ln_ba,,4441
31882,55,9179,f,lid://infor.ln.ln_ba,,4441
31882,56,9180,f,lid://infor.ln.ln_ba,,4441
31882,18,8695,f,lid://infor.ln.ln_ba,,4041
31882,32,8726,f,lid://infor.ln.ln_ba,,4041
31882,33,8727,f,lid://infor.ln.ln_ba,,4041
31882,34,8728,f,lid://infor.ln.ln_ba,,4041
31882,35,8729,f,lid://infor.ln.ln_ba,,4041
31882,74,8730,f,lid://infor.ln.ln_ba,,4041
31882,75,8731,f,lid://infor.ln.ln_ba,,4041
31882,27,8720,f,lid://infor.ln.ln_ba,,4041
31882,28,8721,f,lid://infor.ln.ln_ba,,4041
31882,29,8722,f,lid://infor.ln.ln_ba,,4041
31882,30,8723,f,lid://infor.ln.ln_ba,,4041
31882,31,8724,f,lid://infor.ln.ln_ba,,4041
31882,17,8725,f,lid://infor.ln.ln_ba,,4041
31882,79,8915,f,lid://infor.ln.ln_ba,,1899
31882,87,8919,f,lid://infor.ln.ln_ba,,1899
31882,89,8920,f,lid://infor.ln.ln_ba,,1899
31882,91,8921,f,lid://infor.ln.ln_ba,,1899
31882,93,8922,f,lid://infor.ln.ln_ba,,1899
31882,95,8923,f,lid://infor.ln.ln_ba,,1899
31882,97,8924,f,lid://infor.ln.ln_ba,,1899
31882,99,8925,f,lid://infor.ln.ln_ba,,1899
31882,107,8926,f,lid://infor.ln.ln_ba,,1899
31882,101,8927,f,lid://infor.ln.ln_ba,,1899
31882,103,8928,f,lid://infor.ln.ln_ba,,1899
31882,105,8929,f,lid://infor.ln.ln_ba,,1899
31882,36,8930,f,lid://infor.ln.ln_ba,,1899
31882,37,8931,f,lid://infor.ln.ln_ba,,1899
31882,38,8932,f,lid://infor.ln.ln_ba,,1899
31882,39,8933,f,lid://infor.ln.ln_ba,,1899
31882,40,8934,f,lid://infor.ln.ln_ba,,1899
31882,41,8935,f,lid://infor.ln.ln_ba,,1899
793,110,994,f,lid://infor.ln.ln_sd1,,10458
793,112,995,f,lid://infor.ln.ln_sd1,,10458
793,109,996,f,lid://infor.ln.ln_sd1,,10458
32019,85,9724,f,lid://infor.ln.ln_ba,,4041
31882,77,8732,f,lid://infor.ln.ln_ba,,4041
32019,87,9725,f,lid://infor.ln.ln_ba,,4041
1296,110,1009,t,lid://infor.ln.ln_sd1,,10458
1296,112,1010,t,lid://infor.ln.ln_sd1,,10458
1296,109,1011,t,lid://infor.ln.ln_sd1,,10458
32019,89,9726,f,lid://infor.ln.ln_ba,,4041
32019,91,9727,f,lid://infor.ln.ln_ba,,4041
32019,93,9728,f,lid://infor.ln.ln_ba,,4041
32019,95,9729,f,lid://infor.ln.ln_ba,,4041
31882,79,8733,f,lid://infor.ln.ln_ba,,4041
31882,81,8734,f,lid://infor.ln.ln_ba,,4041
31882,83,8735,f,lid://infor.ln.ln_ba,,4041
30580,136,1389,t,lid://infor.ln.ln_ba,,19810
30580,136,1390,t,lid://infor.ln.ln_ba,,19858
30580,136,1391,t,lid://infor.ln.ln_ba,,19883
31882,85,8736,f,lid://infor.ln.ln_ba,,4041
31882,42,8936,f,lid://infor.ln.ln_ba,,1899
31882,43,8793,f,lid://infor.ln.ln_ba,,4041
31882,44,8794,f,lid://infor.ln.ln_ba,,4041
31882,45,8795,f,lid://infor.ln.ln_ba,,4041
31882,46,8796,f,lid://infor.ln.ln_ba,,4041
31882,47,8797,f,lid://infor.ln.ln_ba,,4041
31882,48,8798,f,lid://infor.ln.ln_ba,,4041
31882,49,8799,f,lid://infor.ln.ln_ba,,4041
32908,109,10799,t,lid://infor.ln.ln_sd1,,17831
30997,14,10430,f,lid://infor.ln.ln_ba,,
780,110,1006,f,lid://infor.ln.ln_sd1,,10458
780,112,1007,f,lid://infor.ln.ln_sd1,,10458
780,109,1008,f,lid://infor.ln.ln_sd1,,10458
31866,109,10373,f,lid://infor.ln.ln_sd1,,17152
31866,109,10382,f,lid://infor.ln.ln_sd1,,17205
31866,109,10383,f,lid://infor.ln.ln_sd1,,17211
31866,109,10384,f,lid://infor.ln.ln_sd1,,17223
834,110,1164,f,lid://infor.ln.ln_sd1,,10458
1283,109,1953,f,lid://infor.ln.ln_sd1,,10458
1283,110,1954,f,lid://infor.ln.ln_sd1,,10458
1283,112,1955,f,lid://infor.ln.ln_sd1,,10458
834,112,1165,f,lid://infor.ln.ln_sd1,,10458
834,109,1166,f,lid://infor.ln.ln_sd1,,10458
816,110,1136,f,lid://infor.ln.ln_sd1,,10458
816,112,1137,f,lid://infor.ln.ln_sd1,,10458
816,109,1138,f,lid://infor.ln.ln_sd1,,10458
31882,50,8800,f,lid://infor.ln.ln_ba,,4041
31882,51,8801,f,lid://infor.ln.ln_ba,,4041
31882,52,8802,f,lid://infor.ln.ln_ba,,4041
31882,53,8803,f,lid://infor.ln.ln_ba,,4041
31882,54,8804,f,lid://infor.ln.ln_ba,,4041
31882,43,8937,f,lid://infor.ln.ln_ba,,1899
1924,123,11324,t,lid://infor.ln.ln_sd2,,18378
32019,97,9730,f,lid://infor.ln.ln_ba,,4041
32019,99,9731,f,lid://infor.ln.ln_ba,,4041
32019,107,9732,f,lid://infor.ln.ln_ba,,4041
32019,101,9733,f,lid://infor.ln.ln_ba,,4041
32019,103,9734,f,lid://infor.ln.ln_ba,,4041
32019,105,9735,f,lid://infor.ln.ln_ba,,4041
32019,36,9736,f,lid://infor.ln.ln_ba,,4041
32019,37,9737,f,lid://infor.ln.ln_ba,,4041
32019,74,9738,f,lid://infor.ln.ln_ba,,2309
32019,75,9739,f,lid://infor.ln.ln_ba,,2309
32019,77,9740,f,lid://infor.ln.ln_ba,,2309
32019,79,9741,f,lid://infor.ln.ln_ba,,2309
32019,81,9742,f,lid://infor.ln.ln_ba,,2309
32019,83,9743,f,lid://infor.ln.ln_ba,,2309
32019,85,9744,f,lid://infor.ln.ln_ba,,2309
32019,87,9745,f,lid://infor.ln.ln_ba,,2309
32019,89,9746,f,lid://infor.ln.ln_ba,,2309
32019,91,9747,f,lid://infor.ln.ln_ba,,2309
32019,93,9748,f,lid://infor.ln.ln_ba,,2309
32019,95,9749,f,lid://infor.ln.ln_ba,,2309
32019,97,9750,f,lid://infor.ln.ln_ba,,2309
32019,99,9751,f,lid://infor.ln.ln_ba,,2309
31866,109,10385,f,lid://infor.ln.ln_sd1,,17228
31866,109,10386,f,lid://infor.ln.ln_sd1,,17246
1146,121,385,f,lid://infor.m3.m3_ba1,,
32404,199,10528,f,infor.ln.ln_ba,,
30997,14,10529,f,lid://infor.ln.ln_ba,,
31882,44,8938,f,lid://infor.ln.ln_ba,,1899
33911,304,11481,t,lid://infor.m3.m3_sd1,,
1146,121,296,f,lid://infor.m3.m3_ba1,,
32404,199,10623,f,infor.ln.ln_ba,,
30997,14,10624,f,lid://infor.ln.ln_ba,,
30997,13,10701,f,lid://infor.ln.ln_ba,,1222
30997,13,10702,f,lid://infor.ln.ln_ba,,3128
30997,14,10703,f,lid://infor.ln.ln_ba,,3128
30997,16,10704,f,lid://infor.ln.ln_ba,,3128
30997,15,10705,f,lid://infor.ln.ln_ba,,3128
30997,18,10706,f,lid://infor.ln.ln_ba,,3128
32019,101,9752,f,lid://infor.ln.ln_ba,,2309
32019,103,9753,f,lid://infor.ln.ln_ba,,2309
32019,105,9754,f,lid://infor.ln.ln_ba,,2309
32019,38,9755,f,lid://infor.ln.ln_ba,,4041
32019,39,9756,f,lid://infor.ln.ln_ba,,4041
32019,40,9757,f,lid://infor.ln.ln_ba,,4041
32019,41,9758,f,lid://infor.ln.ln_ba,,4041
32019,42,9759,f,lid://infor.ln.ln_ba,,4041
31882,87,8737,f,lid://infor.ln.ln_ba,,4041
31882,89,8738,f,lid://infor.ln.ln_ba,,4041
31882,45,8939,f,lid://infor.ln.ln_ba,,1899
1975,109,11396,t,lid://infor.ln.ln_sd1,,17825
32019,43,9760,f,lid://infor.ln.ln_ba,,4041
32019,44,9761,f,lid://infor.ln.ln_ba,,4041
32019,45,9762,f,lid://infor.ln.ln_ba,,4041
32019,46,9763,f,lid://infor.ln.ln_ba,,4041
32019,47,9764,f,lid://infor.ln.ln_ba,,4041
32019,48,9765,f,lid://infor.ln.ln_ba,,4041
32019,49,9766,f,lid://infor.ln.ln_ba,,4041
31882,46,8940,f,lid://infor.ln.ln_ba,,1899
31882,47,8941,f,lid://infor.ln.ln_ba,,1899
32019,50,9767,f,lid://infor.ln.ln_ba,,4041
32019,51,9768,f,lid://infor.ln.ln_ba,,4041
31882,48,8942,f,lid://infor.ln.ln_ba,,1899
32019,52,9769,f,lid://infor.ln.ln_ba,,4041
32019,53,9770,f,lid://infor.ln.ln_ba,,4041
32019,54,9771,f,lid://infor.ln.ln_ba,,4041
32019,55,9772,f,lid://infor.ln.ln_ba,,4041
32019,56,9773,f,lid://infor.ln.ln_ba,,4041
32019,57,9774,f,lid://infor.ln.ln_ba,,4041
32019,13,9775,f,lid://infor.ln.ln_ba,,2309
32019,14,9776,f,lid://infor.ln.ln_ba,,2309
32019,17,9777,f,lid://infor.ln.ln_ba,,2044
32019,19,9778,f,lid://infor.ln.ln_ba,,2309
32019,20,9779,f,lid://infor.ln.ln_ba,,2309
32019,21,9780,f,lid://infor.ln.ln_ba,,2309
32019,22,9781,f,lid://infor.ln.ln_ba,,2309
32019,23,9782,f,lid://infor.ln.ln_ba,,2309
32019,24,9783,f,lid://infor.ln.ln_ba,,2309
31882,49,8943,f,lid://infor.ln.ln_ba,,1899
31866,109,10387,f,lid://infor.ln.ln_sd1,,17297
31882,50,8944,f,lid://infor.ln.ln_ba,,1899
31866,109,10388,f,lid://infor.ln.ln_sd1,,17313
31866,109,10389,f,lid://infor.ln.ln_sd1,,17321
30315,109,1493,f,lid://infor.ln.ln_sd1,,18145
32955,109,10802,f,lid://infor.ln.ln_sd1,,17831
31866,109,10390,f,lid://infor.ln.ln_sd1,,17328
31882,51,8945,f,lid://infor.ln.ln_ba,,1899
32019,25,9784,f,lid://infor.ln.ln_ba,,2309
32019,26,9785,f,lid://infor.ln.ln_ba,,2309
32019,27,9786,f,lid://infor.ln.ln_ba,,2309
32019,21,9787,f,lid://infor.ln.ln_ba,,1229
32019,28,9788,f,lid://infor.ln.ln_ba,,1229
32019,17,9789,f,lid://infor.ln.ln_ba,,1801
32019,45,9790,f,lid://infor.ln.ln_ba,,1229
32019,46,9791,f,lid://infor.ln.ln_ba,,1229
32019,47,9792,f,lid://infor.ln.ln_ba,,1229
32019,48,9793,f,lid://infor.ln.ln_ba,,1229
32019,17,9794,f,lid://infor.ln.ln_ba,,3574
32019,17,9795,f,lid://infor.ln.ln_ba,,2326
32019,17,9796,f,lid://infor.ln.ln_ba,,2036
32019,13,9797,f,lid://infor.ln.ln_ba,,4064
32019,16,9798,f,lid://infor.ln.ln_ba,,1768
32019,15,9799,f,lid://infor.ln.ln_ba,,1768
32019,18,9800,f,lid://infor.ln.ln_ba,,1768
32019,58,9801,f,lid://infor.ln.ln_ba,,1768
32019,59,9802,f,lid://infor.ln.ln_ba,,1768
32019,60,9803,f,lid://infor.ln.ln_ba,,1768
32019,62,9804,f,lid://infor.ln.ln_ba,,1768
32019,64,9805,f,lid://infor.ln.ln_ba,,1768
32019,66,9806,f,lid://infor.ln.ln_ba,,1768
32019,68,9807,f,lid://infor.ln.ln_ba,,1768
32019,70,9808,f,lid://infor.ln.ln_ba,,1768
32019,72,9809,f,lid://infor.ln.ln_ba,,1768
32019,74,9810,f,lid://infor.ln.ln_ba,,1768
32019,75,9811,f,lid://infor.ln.ln_ba,,1768
32019,77,9812,f,lid://infor.ln.ln_ba,,1768
32019,79,9813,f,lid://infor.ln.ln_ba,,1768
32019,81,9814,f,lid://infor.ln.ln_ba,,1768
32019,83,9815,f,lid://infor.ln.ln_ba,,1768
32019,85,9816,f,lid://infor.ln.ln_ba,,1768
32019,87,9817,f,lid://infor.ln.ln_ba,,1768
32019,89,9818,f,lid://infor.ln.ln_ba,,1768
32019,91,9819,f,lid://infor.ln.ln_ba,,1768
32019,93,9820,f,lid://infor.ln.ln_ba,,1768
32019,95,9821,f,lid://infor.ln.ln_ba,,1768
32019,97,9822,f,lid://infor.ln.ln_ba,,1768
32019,99,9823,f,lid://infor.ln.ln_ba,,1768
32019,101,9824,f,lid://infor.ln.ln_ba,,1768
32019,103,9825,f,lid://infor.ln.ln_ba,,1768
31882,52,8946,f,lid://infor.ln.ln_ba,,1899
31882,53,8947,f,lid://infor.ln.ln_ba,,1899
33907,303,11482,t,lid://infor.m3.m3_sd1,,
31866,109,10391,f,lid://infor.ln.ln_sd1,,17358
31866,109,10392,f,lid://infor.ln.ln_sd1,,17366
32019,105,9826,f,lid://infor.ln.ln_ba,,1768
32019,13,9827,f,lid://infor.ln.ln_ba,,1768
32019,14,9828,f,lid://infor.ln.ln_ba,,1768
32019,19,9829,f,lid://infor.ln.ln_ba,,1768
32019,20,9830,f,lid://infor.ln.ln_ba,,1768
32019,21,9831,f,lid://infor.ln.ln_ba,,1768
32019,22,9832,f,lid://infor.ln.ln_ba,,1768
32019,23,9833,f,lid://infor.ln.ln_ba,,1768
31882,36,8748,f,lid://infor.ln.ln_ba,,4041
31882,38,8749,f,lid://infor.ln.ln_ba,,1639
32019,24,9834,f,lid://infor.ln.ln_ba,,1768
32019,25,9835,f,lid://infor.ln.ln_ba,,1768
32019,26,9836,f,lid://infor.ln.ln_ba,,1768
32019,27,9837,f,lid://infor.ln.ln_ba,,1768
32019,28,9838,f,lid://infor.ln.ln_ba,,1768
32019,29,9839,f,lid://infor.ln.ln_ba,,1768
32019,30,9840,f,lid://infor.ln.ln_ba,,1768
32019,31,9841,f,lid://infor.ln.ln_ba,,1768
32019,17,9842,f,lid://infor.ln.ln_ba,,1768
32019,32,9843,f,lid://infor.ln.ln_ba,,1768
32019,33,9844,f,lid://infor.ln.ln_ba,,1768
32019,34,9845,f,lid://infor.ln.ln_ba,,1768
32019,35,9846,f,lid://infor.ln.ln_ba,,1768
32019,36,9847,f,lid://infor.ln.ln_ba,,1768
32019,37,9848,f,lid://infor.ln.ln_ba,,1768
32019,38,9849,f,lid://infor.ln.ln_ba,,1768
32019,39,9850,f,lid://infor.ln.ln_ba,,1768
32019,40,9851,f,lid://infor.ln.ln_ba,,1768
32019,41,9852,f,lid://infor.ln.ln_ba,,1768
32019,42,9853,f,lid://infor.ln.ln_ba,,1768
32019,43,9854,f,lid://infor.ln.ln_ba,,1768
32019,44,9855,f,lid://infor.ln.ln_ba,,1768
32019,45,9856,f,lid://infor.ln.ln_ba,,1768
32019,46,9857,f,lid://infor.ln.ln_ba,,1768
32019,47,9858,f,lid://infor.ln.ln_ba,,1768
32019,48,9859,f,lid://infor.ln.ln_ba,,1768
32019,49,9860,f,lid://infor.ln.ln_ba,,1768
32019,50,9861,f,lid://infor.ln.ln_ba,,1768
32019,51,9862,f,lid://infor.ln.ln_ba,,1768
32019,52,9863,f,lid://infor.ln.ln_ba,,1768
32019,53,9864,f,lid://infor.ln.ln_ba,,1768
32019,54,9865,f,lid://infor.ln.ln_ba,,1768
32019,55,9866,f,lid://infor.ln.ln_ba,,1768
31882,39,8750,f,lid://infor.ln.ln_ba,,1639
1975,109,11395,t,lid://infor.ln.ln_sd1,,17162
1975,109,11397,t,lid://infor.ln.ln_sd1,,17351
31882,40,8751,f,lid://infor.ln.ln_ba,,1639
31882,41,8752,f,lid://infor.ln.ln_ba,,1639
32019,56,9867,f,lid://infor.ln.ln_ba,,1768
2003,109,11328,t,lid://infor.ln.ln_sd1,,17727
32019,57,9868,f,lid://infor.ln.ln_ba,,1768
1892,109,11309,t,lid://infor.ln.ln_sd1,,18106
31882,42,8753,f,lid://infor.ln.ln_ba,,1639
31882,43,8754,f,lid://infor.ln.ln_ba,,1639
1919,109,11447,t,lid://infor.ln.ln_sd1,,17727
31882,44,8755,f,lid://infor.ln.ln_ba,,1639
31882,54,8948,f,lid://infor.ln.ln_ba,,1899
31882,55,8949,f,lid://infor.ln.ln_ba,,1899
31882,56,8950,f,lid://infor.ln.ln_ba,,1899
31882,57,8951,f,lid://infor.ln.ln_ba,,1899
31882,13,8952,f,lid://infor.ln.ln_ba,,4064
31882,16,8953,f,lid://infor.ln.ln_ba,,1768
31882,15,8954,f,lid://infor.ln.ln_ba,,1768
31882,18,8955,f,lid://infor.ln.ln_ba,,1768
31882,58,8956,f,lid://infor.ln.ln_ba,,1768
31882,59,8957,f,lid://infor.ln.ln_ba,,1768
31882,20,8826,f,lid://infor.ln.ln_ba,,2309
30997,77,10736,f,lid://infor.ln.ln_ba,,3128
30997,79,10737,f,lid://infor.ln.ln_ba,,3128
31882,21,8827,f,lid://infor.ln.ln_ba,,2309
31882,22,8828,f,lid://infor.ln.ln_ba,,2309
31882,23,8829,f,lid://infor.ln.ln_ba,,2309
32019,13,9869,f,lid://infor.ln.ln_ba,,3128
34010,376,11491,t,lid://infor.m3.m3_sd1,,
32019,14,9870,f,lid://infor.ln.ln_ba,,3128
32019,16,9871,f,lid://infor.ln.ln_ba,,3128
1975,109,11398,t,lid://infor.ln.ln_sd1,,17811
1983,123,11334,t,lid://infor.ln.ln_sd2,,18378
1984,109,11335,t,lid://infor.ln.ln_sd1,,17937
1984,109,11336,t,lid://infor.ln.ln_sd1,,17727
32332,17,10398,f,lid://infor.ln.ln_ba,,1218
32332,17,10399,f,lid://infor.ln.ln_ba,,2044
32332,17,10400,f,lid://infor.ln.ln_ba,,1801
32332,13,10401,f,lid://infor.ln.ln_ba,,4064
32332,17,10402,f,lid://infor.ln.ln_ba,,1267
32332,17,10403,f,lid://infor.ln.ln_ba,,1224
32332,17,10404,f,lid://infor.ln.ln_ba,,2039
32332,17,10405,f,lid://infor.ln.ln_ba,,1597
32019,15,9872,f,lid://infor.ln.ln_ba,,3128
31882,45,8756,f,lid://infor.ln.ln_ba,,1639
32019,18,9873,f,lid://infor.ln.ln_ba,,3128
32019,58,9874,f,lid://infor.ln.ln_ba,,3128
32019,59,9875,f,lid://infor.ln.ln_ba,,3128
31882,46,8757,f,lid://infor.ln.ln_ba,,1639
32019,60,9876,f,lid://infor.ln.ln_ba,,3128
31882,47,8758,f,lid://infor.ln.ln_ba,,1639
32019,62,9877,f,lid://infor.ln.ln_ba,,3128
32019,64,9878,f,lid://infor.ln.ln_ba,,3128
32019,66,9879,f,lid://infor.ln.ln_ba,,3128
32019,68,9880,f,lid://infor.ln.ln_ba,,3128
32019,17,9881,f,lid://infor.ln.ln_ba,,2375
31882,55,8805,f,lid://infor.ln.ln_ba,,4041
31882,56,8806,f,lid://infor.ln.ln_ba,,4041
1954,109,11329,t,lid://infor.ln.ln_sd1,,17727
32019,70,9882,f,lid://infor.ln.ln_ba,,3128
32019,72,9883,f,lid://infor.ln.ln_ba,,3128
31882,57,8807,f,lid://infor.ln.ln_ba,,4041
31882,13,8808,f,lid://infor.ln.ln_ba,,2309
31882,14,8809,f,lid://infor.ln.ln_ba,,2309
31882,19,8810,f,lid://infor.ln.ln_ba,,2309
31882,14,8811,f,lid://infor.ln.ln_ba,,5100
31882,19,8812,f,lid://infor.ln.ln_ba,,5100
31882,20,8813,f,lid://infor.ln.ln_ba,,5100
32019,19,9884,f,lid://infor.ln.ln_ba,,3128
32019,20,9885,f,lid://infor.ln.ln_ba,,3128
32019,21,9886,f,lid://infor.ln.ln_ba,,3128
31882,24,8830,f,lid://infor.ln.ln_ba,,2309
31882,25,8831,f,lid://infor.ln.ln_ba,,2309
31882,26,8832,f,lid://infor.ln.ln_ba,,2309
31882,27,8833,f,lid://infor.ln.ln_ba,,2309
32019,22,9887,f,lid://infor.ln.ln_ba,,3128
1967,109,11380,t,lid://infor.ln.ln_sd1,,17181
32019,23,9888,f,lid://infor.ln.ln_ba,,3128
31884,166,7542,f,lid://infor.ln.ln_sd_t1,,38347
31882,13,8655,f,lid://infor.ln.ln_ba,,5749
31882,13,8656,f,lid://infor.ln.ln_ba,,4041
1967,109,11381,t,lid://infor.ln.ln_sd1,,17200
32019,24,9889,f,lid://infor.ln.ln_ba,,3128
32019,25,9890,f,lid://infor.ln.ln_ba,,3128
32019,26,9891,f,lid://infor.ln.ln_ba,,3128
32019,27,9892,f,lid://infor.ln.ln_ba,,3128
32019,28,9893,f,lid://infor.ln.ln_ba,,3128
32019,29,9894,f,lid://infor.ln.ln_ba,,3128
32019,30,9895,f,lid://infor.ln.ln_ba,,3128
32019,31,9896,f,lid://infor.ln.ln_ba,,3128
32019,17,9897,f,lid://infor.ln.ln_ba,,3128
32019,32,9898,f,lid://infor.ln.ln_ba,,3128
32019,33,9899,f,lid://infor.ln.ln_ba,,3128
32019,34,9900,f,lid://infor.ln.ln_ba,,3128
32019,35,9901,f,lid://infor.ln.ln_ba,,3128
32019,74,9902,f,lid://infor.ln.ln_ba,,3128
32019,75,9903,f,lid://infor.ln.ln_ba,,3128
32019,77,9904,f,lid://infor.ln.ln_ba,,3128
32019,79,9905,f,lid://infor.ln.ln_ba,,3128
32019,81,9906,f,lid://infor.ln.ln_ba,,3128
32019,83,9907,f,lid://infor.ln.ln_ba,,3128
32019,85,9908,f,lid://infor.ln.ln_ba,,3128
32019,87,9909,f,lid://infor.ln.ln_ba,,3128
32019,89,9910,f,lid://infor.ln.ln_ba,,3128
34042,110,11519,t,lid://infor.ln.ln_sd1,,10458
34042,112,11520,t,lid://infor.ln.ln_sd1,,10458
32019,91,9911,f,lid://infor.ln.ln_ba,,3128
32019,93,9912,f,lid://infor.ln.ln_ba,,3128
32019,95,9913,f,lid://infor.ln.ln_ba,,3128
32019,97,9914,f,lid://infor.ln.ln_ba,,3128
32019,99,9915,f,lid://infor.ln.ln_ba,,3128
32019,107,9916,f,lid://infor.ln.ln_ba,,3128
32019,101,9917,f,lid://infor.ln.ln_ba,,3128
32019,103,9918,f,lid://infor.ln.ln_ba,,3128
32019,105,9919,f,lid://infor.ln.ln_ba,,3128
32019,36,9920,f,lid://infor.ln.ln_ba,,3128
32019,37,9921,f,lid://infor.ln.ln_ba,,3128
32019,38,9922,f,lid://infor.ln.ln_ba,,3128
32019,39,9923,f,lid://infor.ln.ln_ba,,3128
32019,40,9924,f,lid://infor.ln.ln_ba,,3128
32019,41,9925,f,lid://infor.ln.ln_ba,,3128
32019,42,9926,f,lid://infor.ln.ln_ba,,3128
32019,43,9927,f,lid://infor.ln.ln_ba,,3128
32019,44,9928,f,lid://infor.ln.ln_ba,,3128
32019,45,9929,f,lid://infor.ln.ln_ba,,3128
32019,46,9930,f,lid://infor.ln.ln_ba,,3128
32019,47,9931,f,lid://infor.ln.ln_ba,,3128
32019,48,9932,f,lid://infor.ln.ln_ba,,3128
32019,49,9933,f,lid://infor.ln.ln_ba,,3128
34042,109,11521,t,lid://infor.ln.ln_sd1,,10458
32019,50,9934,f,lid://infor.ln.ln_ba,,3128
32019,51,9935,f,lid://infor.ln.ln_ba,,3128
32019,52,9936,f,lid://infor.ln.ln_ba,,3128
32019,53,9937,f,lid://infor.ln.ln_ba,,3128
32019,54,9938,f,lid://infor.ln.ln_ba,,3128
32019,55,9939,f,lid://infor.ln.ln_ba,,3128
32019,56,9940,f,lid://infor.ln.ln_ba,,3128
32019,57,9941,f,lid://infor.ln.ln_ba,,3128
32019,17,9942,f,lid://infor.ln.ln_ba,,1267
32019,13,9943,f,lid://infor.ln.ln_ba,,3030
32019,16,9944,f,lid://infor.ln.ln_ba,,2309
32019,15,9945,f,lid://infor.ln.ln_ba,,2309
32019,18,9946,f,lid://infor.ln.ln_ba,,2309
32019,58,9947,f,lid://infor.ln.ln_ba,,2309
32019,59,9948,f,lid://infor.ln.ln_ba,,2309
32019,60,9949,f,lid://infor.ln.ln_ba,,2309
32019,62,9950,f,lid://infor.ln.ln_ba,,2309
32019,64,9951,f,lid://infor.ln.ln_ba,,2309
32019,66,9952,f,lid://infor.ln.ln_ba,,2309
32019,68,9953,f,lid://infor.ln.ln_ba,,2309
32019,70,9954,f,lid://infor.ln.ln_ba,,2309
32019,72,9955,f,lid://infor.ln.ln_ba,,2309
32019,13,9956,f,lid://infor.ln.ln_ba,,5025
32019,14,9957,f,lid://infor.ln.ln_ba,,5025
32019,19,9958,f,lid://infor.ln.ln_ba,,5025
32019,20,9959,f,lid://infor.ln.ln_ba,,5025
32019,21,9960,f,lid://infor.ln.ln_ba,,5025
32019,22,9961,f,lid://infor.ln.ln_ba,,5025
32019,23,9962,f,lid://infor.ln.ln_ba,,5025
32019,24,9963,f,lid://infor.ln.ln_ba,,5025
32019,25,9964,f,lid://infor.ln.ln_ba,,5025
32019,26,9965,f,lid://infor.ln.ln_ba,,5025
32019,27,9966,f,lid://infor.ln.ln_ba,,5025
32019,13,9967,f,lid://infor.ln.ln_ba,,3833
32019,19,9968,f,lid://infor.ln.ln_ba,,3833
32019,43,9969,f,lid://infor.ln.ln_ba,,3833
31882,21,8814,f,lid://infor.ln.ln_ba,,5100
31882,22,8815,f,lid://infor.ln.ln_ba,,5100
31882,23,8816,f,lid://infor.ln.ln_ba,,5100
31882,24,8817,f,lid://infor.ln.ln_ba,,5100
31882,91,8739,f,lid://infor.ln.ln_ba,,4041
31882,14,8657,f,lid://infor.ln.ln_ba,,4041
31882,13,8658,f,lid://infor.ln.ln_ba,,1222
31882,13,8659,f,lid://infor.ln.ln_ba,,2994
31882,136,8660,f,lid://infor.ln.ln_ba,,19883
31882,28,8661,f,lid://infor.ln.ln_ba,,2309
31882,14,8662,f,lid://infor.ln.ln_ba,,1639
31882,16,8663,f,lid://infor.ln.ln_ba,,1639
32019,17,9970,f,lid://infor.ln.ln_ba,,1224
32019,32,9971,f,lid://infor.ln.ln_ba,,2309
32019,35,9972,f,lid://infor.ln.ln_ba,,2309
32019,36,9973,f,lid://infor.ln.ln_ba,,2309
32019,37,9974,f,lid://infor.ln.ln_ba,,2309
32019,38,9975,f,lid://infor.ln.ln_ba,,2309
32019,39,9976,f,lid://infor.ln.ln_ba,,2309
32019,40,9977,f,lid://infor.ln.ln_ba,,2309
32019,41,9978,f,lid://infor.ln.ln_ba,,2309
32019,42,9979,f,lid://infor.ln.ln_ba,,2309
32019,43,9980,f,lid://infor.ln.ln_ba,,2309
32019,44,9981,f,lid://infor.ln.ln_ba,,2309
32019,45,9982,f,lid://infor.ln.ln_ba,,2309
32019,46,9983,f,lid://infor.ln.ln_ba,,2309
32019,47,9984,f,lid://infor.ln.ln_ba,,2309
32019,48,9985,f,lid://infor.ln.ln_ba,,2309
32019,49,9986,f,lid://infor.ln.ln_ba,,2309
32019,50,9987,f,lid://infor.ln.ln_ba,,2309
32019,51,9988,f,lid://infor.ln.ln_ba,,2309
32019,52,9989,f,lid://infor.ln.ln_ba,,2309
32019,53,9990,f,lid://infor.ln.ln_ba,,2309
32019,54,9991,f,lid://infor.ln.ln_ba,,2309
32019,55,9992,f,lid://infor.ln.ln_ba,,2309
32019,56,9993,f,lid://infor.ln.ln_ba,,2309
32019,57,9994,f,lid://infor.ln.ln_ba,,2309
32019,17,9995,f,lid://infor.ln.ln_ba,,2039
32019,28,9996,f,lid://infor.ln.ln_ba,,5025
32019,29,9997,f,lid://infor.ln.ln_ba,,5025
32019,30,9998,f,lid://infor.ln.ln_ba,,5025
32019,31,9999,f,lid://infor.ln.ln_ba,,5025
32019,17,10000,f,lid://infor.ln.ln_ba,,5025
32019,32,10001,f,lid://infor.ln.ln_ba,,5025
32019,33,10002,f,lid://infor.ln.ln_ba,,5025
32019,34,10003,f,lid://infor.ln.ln_ba,,5025
32019,35,10004,f,lid://infor.ln.ln_ba,,5025
32019,36,10005,f,lid://infor.ln.ln_ba,,5025
32019,37,10006,f,lid://infor.ln.ln_ba,,5025
32019,38,10007,f,lid://infor.ln.ln_ba,,5025
32019,39,10008,f,lid://infor.ln.ln_ba,,5025
32019,40,10009,f,lid://infor.ln.ln_ba,,5025
32019,41,10010,f,lid://infor.ln.ln_ba,,5025
32019,42,10011,f,lid://infor.ln.ln_ba,,5025
32019,43,10012,f,lid://infor.ln.ln_ba,,5025
32030,109,10141,f,lid://infor.ln.ln_sd1,,18116
32030,109,10142,f,lid://infor.ln.ln_sd1,,18121
32030,109,10143,f,lid://infor.ln.ln_sd1,,18145
32030,109,10144,f,lid://infor.ln.ln_sd1,,18215
32404,199,10429,f,infor.ln.ln_ba,,
31882,93,8740,f,lid://infor.ln.ln_ba,,4041
32030,109,10145,f,lid://infor.ln.ln_sd1,,18227
32030,110,10146,f,lid://infor.ln.ln_sd1,,10460
32030,112,10147,f,lid://infor.ln.ln_sd1,,10460
32030,110,10148,f,lid://infor.ln.ln_sd1,,37947
32031,137,10149,f,infor.ln.ln_sd_t1,,37384
32031,137,10150,f,infor.ln.ln_sd_t1,,37348
31882,95,8741,f,lid://infor.ln.ln_ba,,4041
31882,97,8742,f,lid://infor.ln.ln_ba,,4041
31882,99,8743,f,lid://infor.ln.ln_ba,,4041
31882,25,8818,f,lid://infor.ln.ln_ba,,5100
31882,26,8819,f,lid://infor.ln.ln_ba,,5100
31882,27,8820,f,lid://infor.ln.ln_ba,,5100
31882,15,8664,f,lid://infor.ln.ln_ba,,1639
31882,18,8665,f,lid://infor.ln.ln_ba,,1639
31882,93,9140,f,lid://infor.ln.ln_ba,,4441
31882,107,9144,f,lid://infor.ln.ln_ba,,4441
31882,101,9145,f,lid://infor.ln.ln_ba,,4441
31882,103,9146,f,lid://infor.ln.ln_ba,,4441
31882,105,9147,f,lid://infor.ln.ln_ba,,4441
31882,36,9148,f,lid://infor.ln.ln_ba,,4441
31882,37,9149,f,lid://infor.ln.ln_ba,,4441
31882,60,8958,f,lid://infor.ln.ln_ba,,1768
31882,62,8959,f,lid://infor.ln.ln_ba,,1768
31882,64,8960,f,lid://infor.ln.ln_ba,,1768
31882,66,8961,f,lid://infor.ln.ln_ba,,1768
31882,68,8962,f,lid://infor.ln.ln_ba,,1768
31882,70,8963,f,lid://infor.ln.ln_ba,,1768
31882,72,8964,f,lid://infor.ln.ln_ba,,1768
31882,74,8965,f,lid://infor.ln.ln_ba,,1768
31882,75,8966,f,lid://infor.ln.ln_ba,,1768
31882,77,8967,f,lid://infor.ln.ln_ba,,1768
31882,79,8968,f,lid://infor.ln.ln_ba,,1768
30997,58,10707,f,lid://infor.ln.ln_ba,,3128
30997,59,10708,f,lid://infor.ln.ln_ba,,3128
30997,22,10719,f,lid://infor.ln.ln_ba,,3128
31882,81,8969,f,lid://infor.ln.ln_ba,,1768
31882,14,8982,f,lid://infor.ln.ln_ba,,4441
31882,16,8983,f,lid://infor.ln.ln_ba,,4441
32019,44,10013,f,lid://infor.ln.ln_ba,,5025
32019,45,10014,f,lid://infor.ln.ln_ba,,5025
32019,46,10015,f,lid://infor.ln.ln_ba,,5025
32019,47,10016,f,lid://infor.ln.ln_ba,,5025
32019,48,10017,f,lid://infor.ln.ln_ba,,5025
32019,49,10018,f,lid://infor.ln.ln_ba,,5025
32019,50,10019,f,lid://infor.ln.ln_ba,,5025
32019,51,10020,f,lid://infor.ln.ln_ba,,5025
32019,52,10021,f,lid://infor.ln.ln_ba,,5025
32019,53,10022,f,lid://infor.ln.ln_ba,,5025
32019,54,10023,f,lid://infor.ln.ln_ba,,5025
32019,55,10024,f,lid://infor.ln.ln_ba,,5025
32019,56,10025,f,lid://infor.ln.ln_ba,,5025
32019,57,10026,f,lid://infor.ln.ln_ba,,5025
32019,17,10027,f,lid://infor.ln.ln_ba,,1597
32019,21,10028,f,lid://infor.ln.ln_ba,,2300
32019,28,10029,f,lid://infor.ln.ln_ba,,2300
32019,45,10030,f,lid://infor.ln.ln_ba,,2300
32019,46,10031,f,lid://infor.ln.ln_ba,,2300
32019,47,10032,f,lid://infor.ln.ln_ba,,2300
32019,48,10033,f,lid://infor.ln.ln_ba,,2300
31882,15,8984,f,lid://infor.ln.ln_ba,,4441
31882,18,8985,f,lid://infor.ln.ln_ba,,4441
31882,58,8986,f,lid://infor.ln.ln_ba,,4441
31882,13,8987,f,lid://infor.ln.ln_ba,,1768
31882,14,8988,f,lid://infor.ln.ln_ba,,1768
31882,19,8989,f,lid://infor.ln.ln_ba,,1768
31882,20,8990,f,lid://infor.ln.ln_ba,,1768
31882,21,8991,f,lid://infor.ln.ln_ba,,1768
31882,22,8992,f,lid://infor.ln.ln_ba,,1768
31882,23,8993,f,lid://infor.ln.ln_ba,,1768
31882,24,8994,f,lid://infor.ln.ln_ba,,1768
31882,25,8995,f,lid://infor.ln.ln_ba,,1768
31882,26,8996,f,lid://infor.ln.ln_ba,,1768
30997,23,10720,f,lid://infor.ln.ln_ba,,3128
30997,24,10721,f,lid://infor.ln.ln_ba,,3128
30997,25,10722,f,lid://infor.ln.ln_ba,,3128
30997,26,10723,f,lid://infor.ln.ln_ba,,3128
30997,27,10724,f,lid://infor.ln.ln_ba,,3128
30997,28,10725,f,lid://infor.ln.ln_ba,,3128
30997,29,10726,f,lid://infor.ln.ln_ba,,3128
30997,30,10727,f,lid://infor.ln.ln_ba,,3128
30997,31,10728,f,lid://infor.ln.ln_ba,,3128
30997,17,10729,f,lid://infor.ln.ln_ba,,3128
30997,32,10730,f,lid://infor.ln.ln_ba,,3128
31882,28,8821,f,lid://infor.ln.ln_ba,,5100
31882,29,8822,f,lid://infor.ln.ln_ba,,5100
31882,30,8823,f,lid://infor.ln.ln_ba,,5100
31882,31,8824,f,lid://infor.ln.ln_ba,,5100
31882,17,8825,f,lid://infor.ln.ln_ba,,5100
31882,38,9150,f,lid://infor.ln.ln_ba,,4441
31882,39,9151,f,lid://infor.ln.ln_ba,,4441
31882,40,9152,f,lid://infor.ln.ln_ba,,4441
30997,83,10739,f,lid://infor.ln.ln_ba,,3128
31882,41,9153,f,lid://infor.ln.ln_ba,,4441
31882,42,9154,f,lid://infor.ln.ln_ba,,4441
30997,85,10740,f,lid://infor.ln.ln_ba,,3128
30997,87,10741,f,lid://infor.ln.ln_ba,,3128
30997,89,10742,f,lid://infor.ln.ln_ba,,3128
30997,91,10743,f,lid://infor.ln.ln_ba,,3128
30997,99,10747,f,lid://infor.ln.ln_ba,,3128
30997,107,10748,f,lid://infor.ln.ln_ba,,3128
32094,17,10406,f,lid://infor.ln.ln_ba,,1218
32094,17,10407,f,lid://infor.ln.ln_ba,,2044
32094,17,10408,f,lid://infor.ln.ln_ba,,1801
32094,13,10409,f,lid://infor.ln.ln_ba,,4064
32094,17,10410,f,lid://infor.ln.ln_ba,,1267
32094,17,10411,f,lid://infor.ln.ln_ba,,1224
32094,17,10412,f,lid://infor.ln.ln_ba,,2039
32094,17,10413,f,lid://infor.ln.ln_ba,,1597
30997,101,10749,f,lid://infor.ln.ln_ba,,3128
30997,103,10750,f,lid://infor.ln.ln_ba,,3128
31882,43,9155,f,lid://infor.ln.ln_ba,,4441
31882,16,9156,f,lid://infor.ln.ln_ba,,2309
31882,27,8997,f,lid://infor.ln.ln_ba,,1768
31882,28,8998,f,lid://infor.ln.ln_ba,,1768
31882,29,8999,f,lid://infor.ln.ln_ba,,1768
31882,30,9000,f,lid://infor.ln.ln_ba,,1768
31882,31,9001,f,lid://infor.ln.ln_ba,,1768
30997,93,10744,f,lid://infor.ln.ln_ba,,3128
30997,95,10745,f,lid://infor.ln.ln_ba,,3128
30997,97,10746,f,lid://infor.ln.ln_ba,,3128
30997,105,10751,f,lid://infor.ln.ln_ba,,3128
30997,36,10752,f,lid://infor.ln.ln_ba,,3128
30997,37,10753,f,lid://infor.ln.ln_ba,,3128
30997,38,10754,f,lid://infor.ln.ln_ba,,3128
30997,39,10755,f,lid://infor.ln.ln_ba,,3128
31882,17,9002,f,lid://infor.ln.ln_ba,,1768
30997,40,10756,f,lid://infor.ln.ln_ba,,3128
30997,41,10757,f,lid://infor.ln.ln_ba,,3128
30997,42,10758,f,lid://infor.ln.ln_ba,,3128
31806,109,1951,f,lid://infor.ln.ln_sd1,,17727
1833,109,11260,t,lid://infor.ln.ln_sd1,,17799
31806,109,1952,f,lid://infor.ln.ln_sd1,,17937
1873,109,11294,t,lid://infor.ln.ln_sd1,,18024
31882,32,9003,f,lid://infor.ln.ln_ba,,1768
1897,109,11301,t,lid://infor.ln.ln_sd1,,17799
31882,33,9004,f,lid://infor.ln.ln_ba,,1768
1900,109,11307,t,lid://infor.ln.ln_sd1,,17727
1993,109,11445,t,lid://infor.ln.ln_sd1,,17727
1993,109,11446,t,lid://infor.ln.ln_sd1,,17937
1903,109,11311,t,lid://infor.ln.ln_sd1,,17783
1903,109,11312,t,lid://infor.ln.ln_sd1,,17727
31882,34,9005,f,lid://infor.ln.ln_ba,,1768
31882,35,9006,f,lid://infor.ln.ln_ba,,1768
1937,109,11449,t,lid://infor.ln.ln_sd1,,17937
1937,109,11450,t,lid://infor.ln.ln_sd1,,17727
31882,36,9007,f,lid://infor.ln.ln_ba,,1768
31882,37,9008,f,lid://infor.ln.ln_ba,,1768
31882,38,9009,f,lid://infor.ln.ln_ba,,1768
31882,39,9010,f,lid://infor.ln.ln_ba,,1768
31882,40,9011,f,lid://infor.ln.ln_ba,,1768
31882,41,9012,f,lid://infor.ln.ln_ba,,1768
31882,42,9013,f,lid://infor.ln.ln_ba,,1768
31882,43,9014,f,lid://infor.ln.ln_ba,,1768
31882,44,9015,f,lid://infor.ln.ln_ba,,1768
31882,45,9016,f,lid://infor.ln.ln_ba,,1768
31882,32,9062,f,lid://infor.ln.ln_ba,,3128
30997,43,10759,f,lid://infor.ln.ln_ba,,3128
30997,44,10760,f,lid://infor.ln.ln_ba,,3128
30997,45,10761,f,lid://infor.ln.ln_ba,,3128
30997,46,10762,f,lid://infor.ln.ln_ba,,3128
30997,47,10763,f,lid://infor.ln.ln_ba,,3128
30997,48,10764,f,lid://infor.ln.ln_ba,,3128
30997,49,10765,f,lid://infor.ln.ln_ba,,3128
30997,50,10766,f,lid://infor.ln.ln_ba,,3128
30997,51,10767,f,lid://infor.ln.ln_ba,,3128
31882,48,8759,f,lid://infor.ln.ln_ba,,1639
31882,49,8760,f,lid://infor.ln.ln_ba,,1639
31882,15,9157,f,lid://infor.ln.ln_ba,,2309
31882,18,9158,f,lid://infor.ln.ln_ba,,2309
31882,58,9159,f,lid://infor.ln.ln_ba,,2309
31882,59,9160,f,lid://infor.ln.ln_ba,,2309
31882,60,9161,f,lid://infor.ln.ln_ba,,2309
31882,62,9162,f,lid://infor.ln.ln_ba,,2309
31882,64,9163,f,lid://infor.ln.ln_ba,,2309
31882,66,9164,f,lid://infor.ln.ln_ba,,2309
31882,68,9165,f,lid://infor.ln.ln_ba,,2309
31882,50,8761,f,lid://infor.ln.ln_ba,,1639
31882,51,8762,f,lid://infor.ln.ln_ba,,1639
31882,52,8763,f,lid://infor.ln.ln_ba,,1639
31882,53,8764,f,lid://infor.ln.ln_ba,,1639
31882,54,8765,f,lid://infor.ln.ln_ba,,1639
31882,55,8766,f,lid://infor.ln.ln_ba,,1639
31882,56,8767,f,lid://infor.ln.ln_ba,,1639
31882,57,8768,f,lid://infor.ln.ln_ba,,1639
31882,70,9166,f,lid://infor.ln.ln_ba,,2309
31882,72,9167,f,lid://infor.ln.ln_ba,,2309
31882,44,9168,f,lid://infor.ln.ln_ba,,4441
31882,58,8666,f,lid://infor.ln.ln_ba,,1639
31882,59,8667,f,lid://infor.ln.ln_ba,,1639
31882,60,8668,f,lid://infor.ln.ln_ba,,1639
31882,62,8669,f,lid://infor.ln.ln_ba,,1639
31882,64,8670,f,lid://infor.ln.ln_ba,,1639
31882,66,8671,f,lid://infor.ln.ln_ba,,1639
31882,68,8672,f,lid://infor.ln.ln_ba,,1639
31882,70,8673,f,lid://infor.ln.ln_ba,,1639
1919,109,11448,t,lid://infor.ln.ln_sd1,,17937
31882,33,9063,f,lid://infor.ln.ln_ba,,3128
1829,109,11261,t,lid://infor.ln.ln_sd1,,17937
1829,109,11262,t,lid://infor.ln.ln_sd1,,17727
31882,34,9064,f,lid://infor.ln.ln_ba,,3128
1853,109,11266,t,lid://infor.ln.ln_sd1,,18090
1990,109,11451,t,lid://infor.ln.ln_sd1,,17937
1913,109,11313,t,lid://infor.ln.ln_sd1,,18089
31882,35,9065,f,lid://infor.ln.ln_ba,,3128
31882,74,9066,f,lid://infor.ln.ln_ba,,3128
31882,75,9067,f,lid://infor.ln.ln_ba,,3128
31882,77,9068,f,lid://infor.ln.ln_ba,,3128
1987,109,11420,t,lid://infor.ln.ln_sd1,,17709
1987,109,11421,t,lid://infor.ln.ln_sd1,,17661
1987,109,11422,t,lid://infor.ln.ln_sd1,,17717
1987,109,11424,t,lid://infor.ln.ln_sd1,,17331
1987,109,11425,t,lid://infor.ln.ln_sd1,,17673
1990,109,11452,t,lid://infor.ln.ln_sd1,,17727
32108,17,10162,t,lid://infor.ln.ln_ba,,1218
32108,17,10163,t,lid://infor.ln.ln_ba,,2044
32108,17,10164,t,lid://infor.ln.ln_ba,,1801
32108,13,10165,t,lid://infor.ln.ln_ba,,4064
32108,17,10166,t,lid://infor.ln.ln_ba,,1267
32108,17,10167,t,lid://infor.ln.ln_ba,,1224
32108,17,10168,t,lid://infor.ln.ln_ba,,2039
32108,17,10169,t,lid://infor.ln.ln_ba,,1597
30997,52,10768,f,lid://infor.ln.ln_ba,,3128
30997,53,10769,f,lid://infor.ln.ln_ba,,3128
30997,54,10770,f,lid://infor.ln.ln_ba,,3128
30997,55,10771,f,lid://infor.ln.ln_ba,,3128
30997,56,10772,f,lid://infor.ln.ln_ba,,3128
30997,57,10773,f,lid://infor.ln.ln_ba,,3128
30997,17,10774,t,lid://infor.ln.ln_ba,,1218
7589,111,1171,f,lid://infor.ln.ln_sd1,,10469
31882,37,9086,f,lid://infor.ln.ln_ba,,3128
1845,109,11263,t,lid://infor.ln.ln_sd1,,17831
1885,109,11295,t,lid://infor.ln.ln_sd1,,18037
31882,38,9087,f,lid://infor.ln.ln_ba,,3128
31882,39,9088,f,lid://infor.ln.ln_ba,,3128
1895,109,11298,t,lid://infor.ln.ln_sd1,,17937
1895,109,11299,t,lid://infor.ln.ln_sd1,,17727
31882,40,9089,f,lid://infor.ln.ln_ba,,3128
1888,109,11304,t,lid://infor.ln.ln_sd1,,17887
31882,41,9090,f,lid://infor.ln.ln_ba,,3128
31882,42,9091,f,lid://infor.ln.ln_ba,,3128
31882,43,9092,f,lid://infor.ln.ln_ba,,3128
31882,44,9093,f,lid://infor.ln.ln_ba,,3128
31882,45,9094,f,lid://infor.ln.ln_ba,,3128
31882,46,9095,f,lid://infor.ln.ln_ba,,3128
31882,47,9096,f,lid://infor.ln.ln_ba,,3128
31882,48,9097,f,lid://infor.ln.ln_ba,,3128
31882,49,9098,f,lid://infor.ln.ln_ba,,3128
31882,50,9099,f,lid://infor.ln.ln_ba,,3128
31882,51,9100,f,lid://infor.ln.ln_ba,,3128
31882,52,9101,f,lid://infor.ln.ln_ba,,3128
31882,53,9102,f,lid://infor.ln.ln_ba,,3128
31882,54,9103,f,lid://infor.ln.ln_ba,,3128
31882,55,9104,f,lid://infor.ln.ln_ba,,3128
31882,56,9105,f,lid://infor.ln.ln_ba,,3128
31882,57,9106,f,lid://infor.ln.ln_ba,,3128
31882,64,9107,f,lid://infor.ln.ln_ba,,4441
31882,66,9108,f,lid://infor.ln.ln_ba,,4441
31882,68,9109,f,lid://infor.ln.ln_ba,,4441
31882,70,9110,f,lid://infor.ln.ln_ba,,4441
31882,32,8834,f,lid://infor.ln.ln_ba,,5100
31882,68,8878,f,lid://infor.ln.ln_ba,,1899
31882,70,8879,f,lid://infor.ln.ln_ba,,1899
31882,72,8880,f,lid://infor.ln.ln_ba,,1899
31882,19,8881,f,lid://infor.ln.ln_ba,,1899
31882,20,8882,f,lid://infor.ln.ln_ba,,1899
31882,21,8883,f,lid://infor.ln.ln_ba,,1899
31882,22,8884,f,lid://infor.ln.ln_ba,,1899
31882,27,8902,f,lid://infor.ln.ln_ba,,1899
31882,28,8903,f,lid://infor.ln.ln_ba,,1899
31882,81,8916,f,lid://infor.ln.ln_ba,,1899
31882,83,8917,f,lid://infor.ln.ln_ba,,1899
31882,85,8918,f,lid://infor.ln.ln_ba,,1899
31882,46,9017,f,lid://infor.ln.ln_ba,,1768
31882,47,9018,f,lid://infor.ln.ln_ba,,1768
31882,48,9019,f,lid://infor.ln.ln_ba,,1768
31882,49,9020,f,lid://infor.ln.ln_ba,,1768
31882,50,9021,f,lid://infor.ln.ln_ba,,1768
31882,51,9022,f,lid://infor.ln.ln_ba,,1768
31882,52,9023,f,lid://infor.ln.ln_ba,,1768
31882,53,9024,f,lid://infor.ln.ln_ba,,1768
31882,54,9025,f,lid://infor.ln.ln_ba,,1768
31882,55,9026,f,lid://infor.ln.ln_ba,,1768
31882,56,9027,f,lid://infor.ln.ln_ba,,1768
31882,57,9028,f,lid://infor.ln.ln_ba,,1768
31882,13,9029,f,lid://infor.ln.ln_ba,,2076
31882,19,9030,f,lid://infor.ln.ln_ba,,2076
31882,13,9031,f,lid://infor.ln.ln_ba,,3128
31882,14,9032,f,lid://infor.ln.ln_ba,,3128
31882,16,9033,f,lid://infor.ln.ln_ba,,3128
31882,15,9034,f,lid://infor.ln.ln_ba,,3128
31882,18,9035,f,lid://infor.ln.ln_ba,,3128
31882,58,9036,f,lid://infor.ln.ln_ba,,3128
31882,59,9037,f,lid://infor.ln.ln_ba,,3128
31882,60,9038,f,lid://infor.ln.ln_ba,,3128
31882,62,9039,f,lid://infor.ln.ln_ba,,3128
31882,64,9040,f,lid://infor.ln.ln_ba,,3128
31882,66,9041,f,lid://infor.ln.ln_ba,,3128
31882,68,9042,f,lid://infor.ln.ln_ba,,3128
31882,13,9043,f,lid://infor.ln.ln_ba,,4441
31882,59,9044,f,lid://infor.ln.ln_ba,,4441
31882,60,9045,f,lid://infor.ln.ln_ba,,4441
31882,70,9046,f,lid://infor.ln.ln_ba,,3128
31882,72,9047,f,lid://infor.ln.ln_ba,,3128
31882,19,9048,f,lid://infor.ln.ln_ba,,3128
31882,20,9049,f,lid://infor.ln.ln_ba,,3128
31882,21,9050,f,lid://infor.ln.ln_ba,,3128
31882,30,9059,f,lid://infor.ln.ln_ba,,3128
31882,31,9060,f,lid://infor.ln.ln_ba,,3128
31882,17,9061,f,lid://infor.ln.ln_ba,,3128
31882,79,9069,f,lid://infor.ln.ln_ba,,3128
31882,81,9070,f,lid://infor.ln.ln_ba,,3128
31882,62,9071,f,lid://infor.ln.ln_ba,,4441
31882,83,9072,f,lid://infor.ln.ln_ba,,3128
31882,85,9073,f,lid://infor.ln.ln_ba,,3128
31882,87,9074,f,lid://infor.ln.ln_ba,,3128
31882,89,9075,f,lid://infor.ln.ln_ba,,3128
31882,91,9076,f,lid://infor.ln.ln_ba,,3128
31882,93,9077,f,lid://infor.ln.ln_ba,,3128
31882,95,9078,f,lid://infor.ln.ln_ba,,3128
31882,97,9079,f,lid://infor.ln.ln_ba,,3128
31882,99,9080,f,lid://infor.ln.ln_ba,,3128
31882,107,9081,f,lid://infor.ln.ln_ba,,3128
31882,72,8674,f,lid://infor.ln.ln_ba,,1639
1856,109,11267,t,lid://infor.ln.ln_sd1,,17727
31882,19,8675,f,lid://infor.ln.ln_ba,,1639
1911,109,11297,t,lid://infor.ln.ln_sd1,,18055
31882,20,8676,f,lid://infor.ln.ln_ba,,1639
31882,13,8769,f,lid://infor.ln.ln_ba,,5100
31882,37,8770,f,lid://infor.ln.ln_ba,,4041
31882,74,8771,f,lid://infor.ln.ln_ba,,2309
31882,75,8772,f,lid://infor.ln.ln_ba,,2309
31882,77,8773,f,lid://infor.ln.ln_ba,,2309
31882,79,8774,f,lid://infor.ln.ln_ba,,2309
31882,81,8775,f,lid://infor.ln.ln_ba,,2309
31882,83,8776,f,lid://infor.ln.ln_ba,,2309
31882,85,8777,f,lid://infor.ln.ln_ba,,2309
31882,87,8778,f,lid://infor.ln.ln_ba,,2309
31882,89,8779,f,lid://infor.ln.ln_ba,,2309
31882,91,8780,f,lid://infor.ln.ln_ba,,2309
31882,21,8677,f,lid://infor.ln.ln_ba,,1639
31882,58,8696,f,lid://infor.ln.ln_ba,,4041
31882,59,8697,f,lid://infor.ln.ln_ba,,4041
31882,60,8698,f,lid://infor.ln.ln_ba,,4041
31882,62,8699,f,lid://infor.ln.ln_ba,,4041
31882,64,8700,f,lid://infor.ln.ln_ba,,4041
31882,66,8701,f,lid://infor.ln.ln_ba,,4041
31882,93,8781,f,lid://infor.ln.ln_ba,,2309
31882,95,8782,f,lid://infor.ln.ln_ba,,2309
31882,97,8783,f,lid://infor.ln.ln_ba,,2309
31882,99,8784,f,lid://infor.ln.ln_ba,,2309
31882,101,8785,f,lid://infor.ln.ln_ba,,2309
31882,68,8702,f,lid://infor.ln.ln_ba,,4041
31882,70,8703,f,lid://infor.ln.ln_ba,,4041
31882,72,8704,f,lid://infor.ln.ln_ba,,4041
31882,19,8705,f,lid://infor.ln.ln_ba,,4041
31882,20,8706,f,lid://infor.ln.ln_ba,,4041
31882,21,8707,f,lid://infor.ln.ln_ba,,4041
31882,22,8708,f,lid://infor.ln.ln_ba,,4041
31882,103,8786,f,lid://infor.ln.ln_ba,,2309
31882,105,8787,f,lid://infor.ln.ln_ba,,2309
31882,38,8788,f,lid://infor.ln.ln_ba,,4041
31882,39,8789,f,lid://infor.ln.ln_ba,,4041
31882,40,8790,f,lid://infor.ln.ln_ba,,4041
31882,41,8791,f,lid://infor.ln.ln_ba,,4041
31882,42,8792,f,lid://infor.ln.ln_ba,,4041
31882,23,8709,f,lid://infor.ln.ln_ba,,4041
31882,24,8710,f,lid://infor.ln.ln_ba,,4041
31882,25,8711,f,lid://infor.ln.ln_ba,,4041
31882,26,8712,f,lid://infor.ln.ln_ba,,4041
32744,119,10612,f,lid://infor.m3.m3_sd1,,
32744,118,10613,f,lid://infor.m3.m3_sd1,,
32744,120,10614,f,lid://infor.m3.m3_sd1,,
32744,119,10605,f,lid://infor.m3.m3_sd1,,
32744,118,10606,f,lid://infor.m3.m3_sd1,,
32744,120,10607,f,lid://infor.m3.m3_sd1,,
1862,109,11269,t,lid://infor.ln.ln_sd1,,17727
1862,109,11270,t,lid://infor.ln.ln_sd1,,17937
1862,109,11271,f,lid://infor.ln.ln_sd1,,37947
1862,110,11272,f,lid://infor.ln.ln_sd1,,37947
1841,109,11273,t,lid://infor.ln.ln_sd1,,17727
1841,109,11274,t,lid://infor.ln.ln_sd1,,17937
1827,109,11277,t,lid://infor.ln.ln_sd1,,17937
1827,109,11278,t,lid://infor.ln.ln_sd1,,17727
1879,109,11300,t,lid://infor.ln.ln_sd1,,18043
1875,109,11306,t,lid://infor.ln.ln_sd1,,18121
31882,95,9141,f,lid://infor.ln.ln_ba,,4441
2189,109,11281,t,lid://infor.ln.ln_sd1,,17992
1837,109,11285,t,lid://infor.ln.ln_sd1,,17743
1837,109,11286,t,lid://infor.ln.ln_sd1,,17893
31882,97,9142,f,lid://infor.ln.ln_ba,,4441
31882,99,9143,f,lid://infor.ln.ln_ba,,4441
1864,109,11288,t,lid://infor.ln.ln_sd1,,17855
1864,109,11289,t,lid://infor.ln.ln_sd1,,17727
31609,109,10365,f,lid://infor.ln.ln_sd1,,18145
1850,109,11287,t,lid://infor.ln.ln_sd1,,17783
1867,109,11290,t,lid://infor.ln.ln_sd1,,17887
2187,109,11291,t,lid://infor.ln.ln_sd1,,17992
1987,109,11436,t,lid://infor.ln.ln_sd1,,17622
1987,109,11437,t,lid://infor.ln.ln_sd1,,17631
1987,109,11438,t,lid://infor.ln.ln_sd1,,17297
1987,109,11439,t,lid://infor.ln.ln_sd1,,17313
31882,33,8835,f,lid://infor.ln.ln_ba,,5100
31882,34,8836,f,lid://infor.ln.ln_ba,,5100
31882,35,8837,f,lid://infor.ln.ln_ba,,5100
31882,36,8838,f,lid://infor.ln.ln_ba,,5100
31882,37,8839,f,lid://infor.ln.ln_ba,,5100
31882,38,8840,f,lid://infor.ln.ln_ba,,5100
31882,39,8841,f,lid://infor.ln.ln_ba,,5100
31882,40,8842,f,lid://infor.ln.ln_ba,,5100
31882,41,8843,f,lid://infor.ln.ln_ba,,5100
31882,42,8844,f,lid://infor.ln.ln_ba,,5100
31882,43,8845,f,lid://infor.ln.ln_ba,,5100
31882,44,8846,f,lid://infor.ln.ln_ba,,5100
31882,45,8847,f,lid://infor.ln.ln_ba,,5100
31882,46,8848,f,lid://infor.ln.ln_ba,,5100
31882,47,8849,f,lid://infor.ln.ln_ba,,5100
31882,48,8850,f,lid://infor.ln.ln_ba,,5100
31882,49,8851,f,lid://infor.ln.ln_ba,,5100
31882,50,8852,f,lid://infor.ln.ln_ba,,5100
32031,137,10151,f,infor.ln.ln_sd_t1,,37412
32031,137,10152,f,infor.ln.ln_sd_t1,,37468
32031,137,10153,f,infor.ln.ln_sd_t1,,37356
31882,72,9111,f,lid://infor.ln.ln_ba,,4441
31882,19,9112,f,lid://infor.ln.ln_ba,,4441
31882,20,9113,f,lid://infor.ln.ln_ba,,4441
31882,21,9114,f,lid://infor.ln.ln_ba,,4441
31882,22,9115,f,lid://infor.ln.ln_ba,,4441
31882,23,9116,f,lid://infor.ln.ln_ba,,4441
31882,24,9117,f,lid://infor.ln.ln_ba,,4441
31882,25,9118,f,lid://infor.ln.ln_ba,,4441
31882,26,9119,f,lid://infor.ln.ln_ba,,4441
31882,27,9120,f,lid://infor.ln.ln_ba,,4441
31882,28,9121,f,lid://infor.ln.ln_ba,,4441
31882,15,8870,f,lid://infor.ln.ln_ba,,1899
31882,18,8871,f,lid://infor.ln.ln_ba,,1899
31882,58,8872,f,lid://infor.ln.ln_ba,,1899
812,110,1133,f,lid://infor.ln.ln_sd1,,10460
812,112,1134,f,lid://infor.ln.ln_sd1,,10460
812,109,1135,f,lid://infor.ln.ln_sd1,,10461
31882,59,8873,f,lid://infor.ln.ln_ba,,1899
31882,60,8874,f,lid://infor.ln.ln_ba,,1899
31882,62,8875,f,lid://infor.ln.ln_ba,,1899
31882,64,8876,f,lid://infor.ln.ln_ba,,1899
31882,66,8877,f,lid://infor.ln.ln_ba,,1899
1877,109,11296,t,lid://infor.ln.ln_sd1,,18049
1939,123,11326,t,lid://infor.ln.ln_sd2,,18415
31882,23,8885,f,lid://infor.ln.ln_ba,,1899
31882,87,8886,f,lid://infor.ln.ln_ba,,1639
1963,109,11341,t,lid://infor.ln.ln_sd1,,17727
1963,109,11342,t,lid://infor.ln.ln_sd1,,17937
31882,89,8887,f,lid://infor.ln.ln_ba,,1639
31882,91,8888,f,lid://infor.ln.ln_ba,,1639
31882,93,8889,f,lid://infor.ln.ln_ba,,1639
31882,95,8890,f,lid://infor.ln.ln_ba,,1639
31882,97,8891,f,lid://infor.ln.ln_ba,,1639
31882,99,8892,f,lid://infor.ln.ln_ba,,1639
31882,107,8893,f,lid://infor.ln.ln_ba,,1639
31882,101,8894,f,lid://infor.ln.ln_ba,,1639
31882,103,8895,f,lid://infor.ln.ln_ba,,1639
31882,105,8896,f,lid://infor.ln.ln_ba,,1639
31882,36,8897,f,lid://infor.ln.ln_ba,,1639
31882,37,8898,f,lid://infor.ln.ln_ba,,1639
31882,24,8899,f,lid://infor.ln.ln_ba,,1899
31882,25,8900,f,lid://infor.ln.ln_ba,,1899
31882,26,8901,f,lid://infor.ln.ln_ba,,1899
834,111,1167,f,lid://infor.ln.ln_sd1,,10469
31882,101,9082,f,lid://infor.ln.ln_ba,,3128
31882,103,9083,f,lid://infor.ln.ln_ba,,3128
31882,105,9084,f,lid://infor.ln.ln_ba,,3128
31882,36,9085,f,lid://infor.ln.ln_ba,,3128
31882,29,9122,f,lid://infor.ln.ln_ba,,4441
31882,30,9123,f,lid://infor.ln.ln_ba,,4441
31882,31,9124,f,lid://infor.ln.ln_ba,,4441
31882,17,9125,f,lid://infor.ln.ln_ba,,4441
31882,32,9126,f,lid://infor.ln.ln_ba,,4441
31882,81,9134,f,lid://infor.ln.ln_ba,,4441
820,112,1161,f,lid://infor.ln.ln_sd1,,10458
820,109,1162,f,lid://infor.ln.ln_sd1,,10458
820,111,1163,f,lid://infor.ln.ln_sd1,,10469
31882,33,9127,f,lid://infor.ln.ln_ba,,4441
31882,34,9128,f,lid://infor.ln.ln_ba,,4441
31882,45,9169,f,lid://infor.ln.ln_ba,,4441
31882,77,8862,f,lid://infor.ln.ln_ba,,1639
31882,79,8863,f,lid://infor.ln.ln_ba,,1639
31882,81,8864,f,lid://infor.ln.ln_ba,,1639
31882,83,8865,f,lid://infor.ln.ln_ba,,1639
31882,85,8866,f,lid://infor.ln.ln_ba,,1639
31882,13,8867,f,lid://infor.ln.ln_ba,,1899
31882,14,8868,f,lid://infor.ln.ln_ba,,1899
31882,16,8869,f,lid://infor.ln.ln_ba,,1899
31882,22,9051,f,lid://infor.ln.ln_ba,,3128
31882,23,9052,f,lid://infor.ln.ln_ba,,3128
810,109,1126,f,lid://infor.ln.ln_sd1,,10473
810,110,1127,f,lid://infor.ln.ln_sd1,,10473
810,112,1128,f,lid://infor.ln.ln_sd1,,10473
832,110,1149,f,lid://infor.ln.ln_sd1,,10458
832,112,1150,f,lid://infor.ln.ln_sd1,,10458
832,109,1151,f,lid://infor.ln.ln_sd1,,10458
832,111,1152,f,lid://infor.ln.ln_sd1,,10469
31882,24,9053,f,lid://infor.ln.ln_ba,,3128
31882,25,9054,f,lid://infor.ln.ln_ba,,3128
31882,26,9055,f,lid://infor.ln.ln_ba,,3128
31882,27,9056,f,lid://infor.ln.ln_ba,,3128
31882,28,9057,f,lid://infor.ln.ln_ba,,3128
31882,29,9058,f,lid://infor.ln.ln_ba,,3128
1945,123,11503,t,lid://infor.ln.ln_sd2,,18385
1946,109,11504,t,lid://infor.ln.ln_sd1,,17799
32029,123,10044,f,lid://infor.ln.ln_sd2,,18311
32029,123,10045,f,lid://infor.ln.ln_sd2,,18317
32029,123,10046,f,lid://infor.ln.ln_sd2,,18329
32029,123,10047,f,lid://infor.ln.ln_sd2,,18375
32029,123,10048,f,lid://infor.ln.ln_sd2,,18378
32029,123,10049,f,lid://infor.ln.ln_sd2,,18385
32029,123,10050,f,lid://infor.ln.ln_sd2,,18413
32029,123,10051,f,lid://infor.ln.ln_sd2,,18415
32029,123,10052,f,lid://infor.ln.ln_sd2,,18431
32029,123,10053,f,lid://infor.ln.ln_sd2,,18466
32030,109,10054,f,lid://infor.ln.ln_sd1,,17709
32030,109,10055,f,lid://infor.ln.ln_sd1,,17162
32030,109,10056,f,lid://infor.ln.ln_sd1,,17661
32030,109,10057,f,lid://infor.ln.ln_sd1,,17717
32030,109,10058,f,lid://infor.ln.ln_sd1,,17765
32030,109,10059,f,lid://infor.ln.ln_sd1,,17893
32030,111,10060,f,lid://infor.ln.ln_sd1,,10469
32030,112,10061,f,lid://infor.ln.ln_sd1,,10468
32030,109,10062,f,lid://infor.ln.ln_sd1,,10461
32030,109,10063,f,lid://infor.ln.ln_sd1,,17331
32030,109,10064,f,lid://infor.ln.ln_sd1,,17673
32030,109,10065,f,lid://infor.ln.ln_sd1,,17825
32030,109,10066,f,lid://infor.ln.ln_sd1,,18090
32030,109,10067,f,lid://infor.ln.ln_sd1,,10468
32030,110,10068,f,lid://infor.ln.ln_sd1,,10468
32030,109,10069,f,lid://infor.ln.ln_sd1,,17351
32030,109,10070,f,lid://infor.ln.ln_sd1,,17811
32030,109,10071,f,lid://infor.ln.ln_sd1,,10458
32030,110,10072,f,lid://infor.ln.ln_sd1,,10458
32030,112,10073,f,lid://infor.ln.ln_sd1,,10458
32030,109,10074,f,lid://infor.ln.ln_sd1,,10473
32030,110,10075,f,lid://infor.ln.ln_sd1,,10473
32030,112,10076,f,lid://infor.ln.ln_sd1,,10473
32030,109,10077,f,lid://infor.ln.ln_sd1,,37947
32030,109,10078,f,lid://infor.ln.ln_sd1,,17494
32030,109,10079,f,lid://infor.ln.ln_sd1,,17510
32030,109,10080,f,lid://infor.ln.ln_sd1,,17526
32030,109,10081,f,lid://infor.ln.ln_sd1,,17566
32030,109,10082,f,lid://infor.ln.ln_sd1,,12499
32030,109,10083,f,lid://infor.ln.ln_sd1,,17598
32030,110,10084,f,lid://infor.ln.ln_sd1,,12503
32030,109,10085,f,lid://infor.ln.ln_sd1,,17438
32030,109,10086,f,lid://infor.ln.ln_sd1,,17446
32030,109,10087,f,lid://infor.ln.ln_sd1,,17462
32030,109,10088,f,lid://infor.ln.ln_sd1,,17470
32030,109,10089,f,lid://infor.ln.ln_sd1,,17478
2193,109,11305,t,lid://infor.ln.ln_sd1,,18000
1890,109,11310,t,lid://infor.ln.ln_sd1,,18116
816,111,1139,f,lid://infor.ln.ln_sd1,,10469
814,110,1129,f,lid://infor.ln.ln_sd1,,10458
814,112,1130,f,lid://infor.ln.ln_sd1,,10458
814,109,1131,f,lid://infor.ln.ln_sd1,,10458
814,111,1132,f,lid://infor.ln.ln_sd1,,10469
1225,109,1153,f,lid://infor.ln.ln_sd1,,12499
1225,110,1154,f,lid://infor.ln.ln_sd1,,12503
1225,112,1155,f,lid://infor.ln.ln_sd1,,12503
31882,51,8853,f,lid://infor.ln.ln_ba,,5100
31882,52,8854,f,lid://infor.ln.ln_ba,,5100
31882,53,8855,f,lid://infor.ln.ln_ba,,5100
31882,54,8856,f,lid://infor.ln.ln_ba,,5100
31882,55,8857,f,lid://infor.ln.ln_ba,,5100
31882,56,8858,f,lid://infor.ln.ln_ba,,5100
31882,57,8859,f,lid://infor.ln.ln_ba,,5100
31882,74,8860,f,lid://infor.ln.ln_ba,,1639
31882,75,8861,f,lid://infor.ln.ln_ba,,1639
1871,109,11282,t,lid://infor.ln.ln_sd1,,17727
1871,109,11283,t,lid://infor.ln.ln_sd1,,17783
1871,109,11284,t,lid://infor.ln.ln_sd1,,17937
31882,35,9129,f,lid://infor.ln.ln_ba,,4441
31882,74,9130,f,lid://infor.ln.ln_ba,,4441
31882,75,9131,f,lid://infor.ln.ln_ba,,4441
31882,77,9132,f,lid://infor.ln.ln_ba,,4441
31882,79,9133,f,lid://infor.ln.ln_ba,,4441
31882,83,9135,f,lid://infor.ln.ln_ba,,4441
31882,85,9136,f,lid://infor.ln.ln_ba,,4441
1831,109,11264,t,lid://infor.ln.ln_sd1,,17727
1831,109,11265,t,lid://infor.ln.ln_sd1,,17937
1856,109,11268,t,lid://infor.ln.ln_sd1,,17783
31882,87,9137,f,lid://infor.ln.ln_ba,,4441
1858,109,11292,t,lid://infor.ln.ln_sd1,,18227
31882,89,9138,f,lid://infor.ln.ln_ba,,4441
1883,109,11293,t,lid://infor.ln.ln_sd1,,18075
31882,91,9139,f,lid://infor.ln.ln_ba,,4441
1881,109,11302,t,lid://infor.ln.ln_sd1,,17893
1881,109,11303,t,lid://infor.ln.ln_sd1,,17743
1969,109,11321,t,lid://infor.ln.ln_sd1,,17727
32030,109,10095,f,lid://infor.ln.ln_sd1,,17703
32030,109,10096,f,lid://infor.ln.ln_sd1,,17727
32030,109,10097,f,lid://infor.ln.ln_sd1,,17743
32030,109,10098,f,lid://infor.ln.ln_sd1,,17783
32030,109,10099,f,lid://infor.ln.ln_sd1,,17799
32030,109,10100,f,lid://infor.ln.ln_sd1,,17823
32030,109,10101,f,lid://infor.ln.ln_sd1,,17831
32030,109,10102,f,lid://infor.ln.ln_sd1,,17855
32030,109,10103,f,lid://infor.ln.ln_sd1,,17887
32030,109,10104,f,lid://infor.ln.ln_sd1,,17937
32030,109,10105,f,lid://infor.ln.ln_sd1,,17976
32030,109,10106,f,lid://infor.ln.ln_sd1,,17992
32030,112,10107,f,lid://infor.ln.ln_sd1,,12503
32030,109,10108,f,lid://infor.ln.ln_sd1,,17149
32030,109,10109,f,lid://infor.ln.ln_sd1,,17150
32030,109,10110,f,lid://infor.ln.ln_sd1,,17152
32030,109,10111,f,lid://infor.ln.ln_sd1,,17153
32030,109,10112,f,lid://infor.ln.ln_sd1,,17154
32030,109,10113,f,lid://infor.ln.ln_sd1,,17159
32030,109,10114,f,lid://infor.ln.ln_sd1,,17165
32030,109,10115,f,lid://infor.ln.ln_sd1,,17167
32030,109,10116,f,lid://infor.ln.ln_sd1,,17171
32030,109,10117,f,lid://infor.ln.ln_sd1,,17181
32030,109,10118,f,lid://infor.ln.ln_sd1,,17200
32030,109,10119,f,lid://infor.ln.ln_sd1,,17205
32030,109,10120,f,lid://infor.ln.ln_sd1,,17211
32030,109,10121,f,lid://infor.ln.ln_sd1,,17223
32030,109,10122,f,lid://infor.ln.ln_sd1,,17228
32030,109,10123,f,lid://infor.ln.ln_sd1,,17246
32030,109,10124,f,lid://infor.ln.ln_sd1,,17297
32030,109,10125,f,lid://infor.ln.ln_sd1,,17313
32030,109,10126,f,lid://infor.ln.ln_sd1,,17321
32030,109,10127,f,lid://infor.ln.ln_sd1,,17328
32030,109,10128,f,lid://infor.ln.ln_sd1,,17358
32030,109,10129,f,lid://infor.ln.ln_sd1,,17366
32030,109,10130,f,lid://infor.ln.ln_sd1,,17422
32030,109,10131,f,lid://infor.ln.ln_sd1,,17504
32030,109,10132,f,lid://infor.ln.ln_sd1,,18000
32030,109,10133,f,lid://infor.ln.ln_sd1,,18024
32030,109,10134,f,lid://infor.ln.ln_sd1,,18037
32030,109,10135,f,lid://infor.ln.ln_sd1,,18043
1839,109,11275,t,lid://infor.ln.ln_sd1,,17727
1839,109,11276,t,lid://infor.ln.ln_sd1,,17937
1959,109,11325,t,lid://infor.ln.ln_sd1,,17727
31420,21,10034,f,lid://infor.ln.ln_ba,,1229
31420,28,10035,f,lid://infor.ln.ln_ba,,1229
31420,17,10036,f,lid://infor.ln.ln_ba,,1801
31420,45,10037,f,lid://infor.ln.ln_ba,,1229
31420,46,10038,f,lid://infor.ln.ln_ba,,1229
31420,47,10039,f,lid://infor.ln.ln_ba,,1229
31420,48,10040,f,lid://infor.ln.ln_ba,,1229
31420,17,10041,f,lid://infor.ln.ln_ba,,3574
31420,17,10042,f,lid://infor.ln.ln_ba,,2326
31420,17,10043,f,lid://infor.ln.ln_ba,,2036
1950,109,11332,t,lid://infor.ln.ln_sd1,,17743
1950,109,11333,t,lid://infor.ln.ln_sd1,,17893
2191,109,11259,t,lid://infor.ln.ln_sd1,,18000
1835,109,11279,t,lid://infor.ln.ln_sd1,,17727
1835,109,11280,t,lid://infor.ln.ln_sd1,,17937
1916,123,11314,t,lid://infor.ln.ln_sd2,,18413
1918,109,11315,t,lid://infor.ln.ln_sd1,,17887
1995,123,11316,t,lid://infor.ln.ln_sd2,,18317
1996,109,11317,t,lid://infor.ln.ln_sd1,,17727
1940,109,11327,t,lid://infor.ln.ln_sd1,,17831
1922,109,11338,t,lid://infor.ln.ln_sd1,,17831
1942,123,11318,t,lid://infor.ln.ln_sd2,,18378
1943,109,11319,t,lid://infor.ln.ln_sd1,,17727
1948,123,11330,t,lid://infor.ln.ln_sd2,,18329
1948,123,11331,t,lid://infor.ln.ln_sd2,,18375
1922,109,11339,t,lid://infor.ln.ln_sd1,,17727
1957,109,11340,t,lid://infor.ln.ln_sd1,,17727
31882,29,8904,f,lid://infor.ln.ln_ba,,1899
31882,30,8905,f,lid://infor.ln.ln_ba,,1899
31882,31,8906,f,lid://infor.ln.ln_ba,,1899
31882,17,8907,f,lid://infor.ln.ln_ba,,1899
31882,32,8908,f,lid://infor.ln.ln_ba,,1899
31882,33,8909,f,lid://infor.ln.ln_ba,,1899
31882,34,8910,f,lid://infor.ln.ln_ba,,1899
31882,35,8911,f,lid://infor.ln.ln_ba,,1899
31882,74,8912,f,lid://infor.ln.ln_ba,,1899
31882,75,8913,f,lid://infor.ln.ln_ba,,1899
31882,77,8914,f,lid://infor.ln.ln_ba,,1899
31882,83,8970,f,lid://infor.ln.ln_ba,,1768
31882,85,8971,f,lid://infor.ln.ln_ba,,1768
31882,87,8972,f,lid://infor.ln.ln_ba,,1768
31882,89,8973,f,lid://infor.ln.ln_ba,,1768
31882,91,8974,f,lid://infor.ln.ln_ba,,1768
31882,93,8975,f,lid://infor.ln.ln_ba,,1768
31882,95,8976,f,lid://infor.ln.ln_ba,,1768
31882,97,8977,f,lid://infor.ln.ln_ba,,1768
31882,99,8978,f,lid://infor.ln.ln_ba,,1768
31882,101,8979,f,lid://infor.ln.ln_ba,,1768
31882,103,8980,f,lid://infor.ln.ln_ba,,1768
31882,105,8981,f,lid://infor.ln.ln_ba,,1768
31886,109,11476,t,lid://infor.ln.ln_sd1,,17727
31886,109,11477,t,lid://infor.ln.ln_sd1,,17937
1987,109,11423,t,lid://infor.ln.ln_sd1,,17765
1909,109,11308,t,lid://infor.ln.ln_sd1,,17831
1987,109,11426,t,lid://infor.ln.ln_sd1,,17494
1967,109,11345,t,lid://infor.ln.ln_sd1,,17709
1967,109,11346,t,lid://infor.ln.ln_sd1,,17162
1967,109,11347,t,lid://infor.ln.ln_sd1,,17661
1967,109,11348,t,lid://infor.ln.ln_sd1,,17717
1967,109,11349,t,lid://infor.ln.ln_sd1,,17765
1967,109,11350,t,lid://infor.ln.ln_sd1,,17331
1967,109,11351,t,lid://infor.ln.ln_sd1,,17673
1967,109,11352,t,lid://infor.ln.ln_sd1,,17825
1967,109,11353,t,lid://infor.ln.ln_sd1,,17351
1967,109,11354,t,lid://infor.ln.ln_sd1,,17811
1967,109,11355,t,lid://infor.ln.ln_sd1,,17494
1967,109,11356,t,lid://infor.ln.ln_sd1,,17510
1967,109,11357,t,lid://infor.ln.ln_sd1,,17526
1967,109,11358,t,lid://infor.ln.ln_sd1,,17566
1967,109,11359,t,lid://infor.ln.ln_sd1,,17598
1967,109,11360,t,lid://infor.ln.ln_sd1,,17438
1967,109,11361,t,lid://infor.ln.ln_sd1,,17446
1967,109,11362,t,lid://infor.ln.ln_sd1,,17462
1967,109,11363,t,lid://infor.ln.ln_sd1,,17470
1967,109,11364,t,lid://infor.ln.ln_sd1,,17478
1967,109,11365,t,lid://infor.ln.ln_sd1,,17486
1967,109,11366,t,lid://infor.ln.ln_sd1,,17622
1967,109,11367,t,lid://infor.ln.ln_sd1,,17631
1967,109,11368,t,lid://infor.ln.ln_sd1,,17671
1967,109,11369,t,lid://infor.ln.ln_sd1,,17695
1967,109,11370,t,lid://infor.ln.ln_sd1,,17703
1967,109,11371,t,lid://infor.ln.ln_sd1,,17149
1967,109,11372,t,lid://infor.ln.ln_sd1,,17150
1967,109,11373,t,lid://infor.ln.ln_sd1,,17152
1967,109,11374,t,lid://infor.ln.ln_sd1,,17153
1967,109,11375,t,lid://infor.ln.ln_sd1,,17154
1967,109,11376,t,lid://infor.ln.ln_sd1,,17159
1967,109,11377,t,lid://infor.ln.ln_sd1,,17165
1967,109,11378,t,lid://infor.ln.ln_sd1,,17167
1967,109,11379,t,lid://infor.ln.ln_sd1,,17171
1967,109,11385,t,lid://infor.ln.ln_sd1,,17228
1967,109,11386,t,lid://infor.ln.ln_sd1,,17246
1967,109,11387,t,lid://infor.ln.ln_sd1,,17297
1967,109,11388,t,lid://infor.ln.ln_sd1,,17313
1967,109,11389,t,lid://infor.ln.ln_sd1,,17321
1967,109,11390,t,lid://infor.ln.ln_sd1,,17328
1967,109,11391,t,lid://infor.ln.ln_sd1,,17358
1967,109,11392,t,lid://infor.ln.ln_sd1,,17366
1967,109,11393,t,lid://infor.ln.ln_sd1,,17422
1967,109,11394,t,lid://infor.ln.ln_sd1,,17504
1973,109,11343,t,lid://infor.ln.ln_sd1,,17937
1973,109,11344,t,lid://infor.ln.ln_sd1,,17727
1967,109,11382,t,lid://infor.ln.ln_sd1,,17205
1967,109,11383,t,lid://infor.ln.ln_sd1,,17211
1967,109,11384,t,lid://infor.ln.ln_sd1,,17223
1975,109,11399,t,lid://infor.ln.ln_sd1,,17470
1975,109,11400,t,lid://infor.ln.ln_sd1,,17671
1975,109,11401,t,lid://infor.ln.ln_sd1,,17695
1975,109,11402,t,lid://infor.ln.ln_sd1,,17703
1975,109,11403,t,lid://infor.ln.ln_sd1,,17149
1975,109,11404,t,lid://infor.ln.ln_sd1,,17150
1975,109,11405,t,lid://infor.ln.ln_sd1,,17152
1975,109,11406,t,lid://infor.ln.ln_sd1,,17153
1975,109,11407,t,lid://infor.ln.ln_sd1,,17154
1975,109,11408,t,lid://infor.ln.ln_sd1,,17159
1975,109,11409,t,lid://infor.ln.ln_sd1,,17165
1975,109,11410,t,lid://infor.ln.ln_sd1,,17167
1975,109,11411,t,lid://infor.ln.ln_sd1,,17171
1975,109,11412,t,lid://infor.ln.ln_sd1,,17181
1975,109,11413,t,lid://infor.ln.ln_sd1,,17200
1975,109,11414,t,lid://infor.ln.ln_sd1,,17205
1975,109,11415,t,lid://infor.ln.ln_sd1,,17211
1975,109,11416,t,lid://infor.ln.ln_sd1,,17223
1975,109,11417,t,lid://infor.ln.ln_sd1,,17228
1975,109,11418,t,lid://infor.ln.ln_sd1,,17246
1975,109,11419,t,lid://infor.ln.ln_sd1,,17328
1987,109,11427,t,lid://infor.ln.ln_sd1,,17510
1987,109,11428,t,lid://infor.ln.ln_sd1,,17526
1987,109,11429,t,lid://infor.ln.ln_sd1,,17566
1987,109,11430,t,lid://infor.ln.ln_sd1,,17598
1987,109,11431,t,lid://infor.ln.ln_sd1,,17438
1987,109,11432,t,lid://infor.ln.ln_sd1,,17446
1987,109,11433,t,lid://infor.ln.ln_sd1,,17462
1987,109,11434,t,lid://infor.ln.ln_sd1,,17478
1987,109,11435,t,lid://infor.ln.ln_sd1,,17486
1987,109,11440,t,lid://infor.ln.ln_sd1,,17321
1987,109,11441,t,lid://infor.ln.ln_sd1,,17358
1987,109,11442,t,lid://infor.ln.ln_sd1,,17366
1987,109,11443,t,lid://infor.ln.ln_sd1,,17422
1987,109,11444,t,lid://infor.ln.ln_sd1,,17504
31882,57,9181,f,lid://infor.ln.ln_ba,,4441
31882,32,9182,f,lid://infor.ln.ln_ba,,2309
31882,35,9183,f,lid://infor.ln.ln_ba,,2309
31882,36,9184,f,lid://infor.ln.ln_ba,,2309
31882,37,9185,f,lid://infor.ln.ln_ba,,2309
31882,38,9186,f,lid://infor.ln.ln_ba,,2309
31882,39,9187,f,lid://infor.ln.ln_ba,,2309
31882,40,9188,f,lid://infor.ln.ln_ba,,2309
31882,41,9189,f,lid://infor.ln.ln_ba,,2309
31882,42,9190,f,lid://infor.ln.ln_ba,,2309
31882,43,9191,f,lid://infor.ln.ln_ba,,2309
31882,44,9192,f,lid://infor.ln.ln_ba,,2309
31882,45,9193,f,lid://infor.ln.ln_ba,,2309
31882,46,9194,f,lid://infor.ln.ln_ba,,2309
31882,47,9195,f,lid://infor.ln.ln_ba,,2309
31882,48,9196,f,lid://infor.ln.ln_ba,,2309
31882,49,9197,f,lid://infor.ln.ln_ba,,2309
31882,50,9198,f,lid://infor.ln.ln_ba,,2309
31882,51,9199,f,lid://infor.ln.ln_ba,,2309
31882,52,9200,f,lid://infor.ln.ln_ba,,2309
31882,53,9201,f,lid://infor.ln.ln_ba,,2309
31882,54,9202,f,lid://infor.ln.ln_ba,,2309
31882,55,9203,f,lid://infor.ln.ln_ba,,2309
31882,56,9204,f,lid://infor.ln.ln_ba,,2309
31882,57,9205,f,lid://infor.ln.ln_ba,,2309
31882,13,9206,f,lid://infor.ln.ln_ba,,6193
31882,13,9207,f,lid://infor.ln.ln_ba,,7137
31886,109,11474,f,lid://infor.ln.ln_sd1,,37947
31886,110,11475,f,lid://infor.ln.ln_sd1,,37947
